Ticker,Name,Twitter,Reddit,Total,Transaction Volume,USD Price,USD Marketcap,USD Volume
ATOM,Cosmos,451,266,726.0,0.0,25.3640628,5729132168.0,578569125.7
KAVA,Kava,6,1,7.0,0.0,3.982092407,570355155.1,68752621.07
TRU,TrueFi,17,3,20.0,137244121.9,0.320697809,176049048.9,12503329.14
ANCT,Anchor,119,12,132.0,0.0,0.8102,10396594.97,6292.30552
ALBT,AllianceBlock,4,4,8.0,63945487.07,0.578677379,134806241.9,2720596.97
YAP,Yap Stone,3,3,6.0,0.0,0.00129147,193720.5028,2847.145175
AZ,Azbit,106,3,152.0,326467643.4,1.52e-05,1266393.063,539.1998131
WIKEN,Project WITH,282,11,297.0,0.0,0.018366969,15668162.88,79606.16025
CHZ,Chiliz,60,8,68.0,1696590284.0,0.326357777,1943434859.0,295127295.4
MINT,Mint Club,1131,46,1189.0,0.0,3.7e-05,37586440.78,1271017.267
KICKS,Sessia,37,21,58.0,7400.0,0.038352386,347556.0264,14184.27046
FEI,Fei USD,8,1,9.0,763889424.3,0.997156244,423787592.2,74150887.15
DAD,DAD,275,99,376.0,196041131.4,0.185103888,88138829.47,2674545.123
HNT,Helium,17,10,28.0,0.0,30.33413854,3145826758.0,40415656.3
DFA,Define,58,21,92.0,7282104.717,2.095796742,119962531.6,8674075.532
RARE,SuperRare,1223,49,1292.0,16424209.22,1.418446574,144335773.0,21545975.18
FLOW,Flow,204,69,285.0,0.0,9.954608777,3141562799.0,129218872.7
UMA,UMA,1,1,25.0,14970673.97,11.09140568,715849940.2,40977406.9
LTC,Litecoin,271,147,470.0,52529479.32,165.7435885,11460227680.0,1757325849.0
EM,Eminer,310,79,421.0,0.0,0.002824976,4108927.264,394056.2088
SURE,inSure DeFi,2820,1900,5043.0,25146462.73,0.010969254,293866997.7,2385130.0
GTC,Game.com,8946,610,9797.0,13147123.74,0.003182107,2422996.891,118541.7441
SXP,Swipe,12,5,18.0,90012909.88,1.702999824,328285213.0,117950043.7
PLA,PLANET,398,57,460.0,96399104.51,0.021130767,4754422.554,132821.5938
FO,FIBOS,35,12,50.0,0.0,0.012740206,13652317.12,261880.0059
VID,VideoCoin,61,13,75.0,958709.8175,0.390354141,61403788.67,117206.8275
MIX,MixMarvel,57,39,104.0,105023811.1,0.023068437,108420340.3,545035.6995
STREAM,Streamit Coin,246,27,284.0,0.0,0.003043426,41175.77174,14.16207571
AXE,AXE,10,4,16.0,0.0,0.022425733,117981.0629,53900.83353
UPP,Sentinel Protocol,5,2,7.0,17628251.38,0.167860341,77119984.13,6706349.468
SFUND,Seedify.fund,9,1,10.0,0.0,15.3241765,328904966.5,10254204.69
CHAT,ChatCoin,461,119,636.0,32948251.22,0.001900865,1311597.734,51758.24387
ANKR,Ankr,52,33,89.0,1690970141.0,0.115071502,939317089.4,118276244.8
AT,Artfinity,12410,10242,26314.0,0.0,0.002022307,252159.8293,435.1911106
SAFEX,Safe Exchange,1,1,2.0,0.0,0.006145095,4829038.29,669.6642653
CHART,ChartEx,1186,460,1707.0,8101403.025,0.016320534,326410.675,7080.98423
BOLT,BOLT,13,3,17.0,0.0,0.006033139,5980548.828,196840.2166
BIRD,Birdchain,99,17,118.0,6539916.32,0.001412336,395142.6968,106226.7678
TRIBE,Tribe,28,4,32.0,245331309.9,1.047002018,474761622.1,14379610.91
DIGG,DIGG,1,1,2.0,138.3693363,41291.69423,20766602.88,83696.25074
NKN,NKN,4,2,7.0,148205619.6,0.413742377,289619663.9,22838983.64
FET,Fetch,15,3,22.0,59516364.98,0.607768668,453464518.0,37627847.58
MBOX,MOBOX,56,1,57.0,0.0,6.637559025,530029504.5,256321727.3
ARMOR,ARMOR,8,1,12.0,49261854.12,0.079665818,13974783.36,369505.0478
MATIC,Polygon,1050,682,1777.0,780384164.7,2.524389497,17826438305.0,5189347109.0
GOT,ParkinGo,4466,2772,7533.0,0.0,0.070541387,1422727.653,2269.530932
STX,Stacks,31,20,59.0,0.0,2.2930764,2952565740.0,134846969.0
FAT,Fatcoin,121,76,198.0,882.6096995,0.0280516,3104058.444,1280311.415
ASM,Assemble Protocol,7,1,8.0,169431790.8,0.10026517,68188312.65,7629452.168
BOA,BOSAGORA,1,1,7.0,79022773.66,0.307547968,93370034.93,5068076.845
DIP,Etherisc,3451,5732,9370.0,11765570.92,0.086421746,16580367.4,219407.4734
CRE,Carry,116,58,182.0,663768154.0,0.010344525,90596957.12,14609154.88
SOLVE,SOLVE,1255,40,1319.0,65852662.94,0.130468037,56535057.05,14433710.58
SOL,Solana,4466,395,4965.0,0.0,192.9621332,59306564285.0,2436323943.0
TCH,TigerCash,5,2,7.0,0.0,0.011761938,658667.3347,4078827.437
SKL,SKALE Network,4,8,12.0,194587460.1,0.228246743,602846009.4,46498461.22
PXL,PIXEL,133,6,142.0,0.0,0.003312429,1846935.941,25589.98855
BOT,Bodhi,377,3119,3531.0,0.0,0.041916265,1676650.603,233.0125132
BIN,Binemon,14,4,29.0,0.0,0.014936379,11949103.33,2368230.763
SS,Sharder,34,6,45.0,12300191.66,0.00554761,1571542.269,62388.48157
AKT,Akash Network,5,8,13.0,0.0,1.848978806,210527138.1,1474055.498
DERC,DeRace,19,2,21.0,10565687.88,4.642590891,171311603.9,9121608.103
PROB,ProBit Token,129,41,181.0,34372.16056,0.39908035,16761374.71,56574.35378
WBTC,Wrapped Bitcoin,9,7,25.0,133167.8527,50169.72337,12883069921.0,195719397.9
BAND,Band Protocol,79,77,165.0,3180422.807,6.058986639,213226773.2,45751490.83
TLOS,Telos,1,1,4.0,0.0,0.778000322,210156126.3,2151315.957
SNOW,SnowSwap,87,9,101.0,87247.89235,6.733171417,2791497.384,85645.38932
GODS,Gods Unchained,109,59,168.0,478564749.9,4.430168607,104820952.4,14419673.16
BUSD,Binance USD,1104,41,1161.0,11159070819.0,1.000113543,13518535419.0,5255203465.0
CRA,Crabada,2,1,3.0,0.0,0.68490468,44476482.54,4615453.321
PAID,PAID Network,449,357,846.0,20395.08783,0.763338276,63410644.13,716709.3858
TIDAL,Tidal Finance,8,5,13.0,175575260.0,0.005275982,4564917.944,235737.969
PAXG,PAX Gold,6,13,19.0,33803.22546,1784.971763,319762385.3,25070649.42
HIVE,Hive,17,8,29.0,0.0,1.646895468,630061756.6,68140027.95
DLT,Agrello,19,4,24.0,3801849.571,0.004050798,426693.8906,89.08210857
DAPP,LiquidApps,1166,30,1203.0,0.0,0.009715005,6896704.548,23651.90046
BOB,Bobï¿½s Repair,33,24,72.0,289386.5258,0.003719976,683139.2306,10810.20858
TULIP,SolFarm,18,15,33.0,0.0,20.05478494,16348776.62,648102.2454
SLIM,Solanium,33,12,46.0,0.0,3.094570598,170201382.9,2483797.182
BEAM,Beam,22,3,28.0,0.0,0.801186653,82548087.58,27245887.16
ROOK,KeeperDAO,1,2,3.0,115456.7485,151.8027424,93758891.44,674363.8224
MOD,Modefi,18,169,194.0,921916.4439,1.156498382,16304014.89,536022.622
RDD,Redd,4,1,5.0,0.0,0.001706719,51879617.87,173108.4859
VIBE,VIBE,597,30,628.0,12403164.75,0.085687764,22290508.7,132942.7879
BETA,Beta Finance,294,23,323.0,19369264.02,0.838286546,214461641.1,30205534.98
HC,HyperCash,1134,10,1145.0,0.0,0.527303775,23766587.95,5295326.416
PDEX,Polkadex,3,1,4.0,473064.5569,10.91577106,49142037.21,901367.2306
INK,Ink,27,5,33.0,0.0,0.000885393,410742.9633,10448.45086
KMD,Komodo,4,4,8.0,0.0,0.917921204,118574568.4,8958196.399
DCR,Decred,10,4,17.0,0.0,96.43831466,1308459069.0,10439447.06
DAR,Mines of Dalarnia,12,4,18.0,167955433.5,2.369418732,291912387.8,139351116.7
MLN,Enzyme,9,5,15.0,96174.25238,92.60403058,166014730.0,30513272.9
FREE,FREE Coin,2545,713,3438.0,0.0,1.54e-06,15300738.36,338173.0041
RFOX,RedFOX Labs,13,1,14.0,224811946.0,0.161719871,212176593.6,9549645.892
MED,MediBloc,9,1,11.0,0.0,0.059724105,321459092.6,12292878.17
FUN,FUNToken,2411,463,2957.0,419678568.6,0.014705981,161690400.1,7641770.998
ICP,Internet Computer,94,30,125.0,0.0,31.5354892,5794294832.0,361319283.8
PAY,TenX,1843,812,2771.0,10914108.77,0.053486405,10976386.72,278422.4456
SPD,SPINDLE,1,1,2.0,2304211.655,0.000168273,676723.3293,300.3942805
DOE,Dogs Of Elon,36,6,42.0,2414710789.0,0.076789779,14752213.19,2330227.967
GAS,Gas,711,412,1163.0,0.0,6.864879249,69530072.09,10383771.48
OCN,Odyssey,12,2,14.0,21867338.01,0.000384808,3078467.92,202461.8726
GET,Themis,11853,5013,17585.0,0.0,0.000400706,240423.4609,12134.05255
NMC,Namecoin,2,10,15.0,0.0,1.540711519,22704541.23,7253.090589
PEAK,PEAKDEFI,137,126,269.0,40200553.8,0.135368171,147187033.8,277003.6687
PST,Primas,15,11,26.0,0.0,0.027612276,1454961.631,7468998.648
GAFI,GameFi,2370,3,2375.0,0.0,145.0923361,144816515.5,5888175.394
MONA,MonaCoin,48,12,61.0,0.0,1.503487047,98823714.8,1729357.614
SHIP,ShipChain,202,64,269.0,507766.1135,0.001707621,817264.3589,7.00041896
MOON,MoonSwap,3942,1203,5183.0,209453.9616,0.171295392,5665406.977,134060.2249
GRID,Grid+,60,19,92.0,2243503.816,1.605024199,62975517.52,178704.3894
TOMO,TomoChain,3,1,4.0,0.0,2.267392969,197304653.3,25159272.09
REQ,Request,145,72,226.0,105674416.1,0.523335765,523271455.5,69237153.72
SUN,Sun (New),188,40,242.0,0.0,0.025448094,267584368.6,139757004.7
DIVI,Divi,22,5,27.0,0.0,0.098448215,259430813.1,738801.4981
FAIR,FairCoin,569,238,839.0,0.0,0.070078567,3727747.465,1604.208715
BTX,Bitcore,1,1,2.0,0.0,0.208331642,3774247.641,364693.037
KLV,Klever,3,1,4.0,0.0,0.0349712,118818700.2,1600796.6
MPL,Maple,4,1,6.0,721793.2781,19.57798528,57173176.44,464748.682
TIME,Chrono.tech,8852,5865,15717.0,78410.91979,71.98028517,51114064.26,718933.8758
XST,Stealth,95,3,100.0,0.0,0.064926422,2573035.293,1368.889905
XSH,SHIELD,12,6,21.0,0.0,0.000304343,156119.6513,2.4947414
FTM,Fantom,239,115,398.0,285000393.5,1.588078538,4041669841.0,384111202.2
FACE,Faceter,439,150,645.0,2504143.742,0.001809824,847244.102,2736.367107
VITE,VITE,4,3,7.0,427004.0,0.094420515,46814475.09,7830350.355
NAS,Nebulas,3,5,12.0,0.0,0.386815808,23425722.65,3593579.53
GO,GoChain,7368,4022,12140.0,0.0,0.040264852,44588389.25,7253432.725
FLUX,FLUX,39,5,45.0,120026.2354,0.750438406,722007.6744,7001.989426
UUU,U Network,5,1,6.0,56104535.46,0.0001761,1760052.478,1325116.434
SALT,SALT,56,34,91.0,594704.5222,0.146268961,11743000.99,53328.58497
PLAY,HEROcoin,3563,545,4273.0,846565.9582,0.032612384,8108600.351,19676.8368
POE,Po.et,26,6,32.0,3543761038.0,0.00010127,318148.9204,856.0756708
PART,Particl,2295,662,3103.0,0.0,1.963371121,23066016.78,2823.858964
STAR,Starbase,341,19,377.0,1829974.022,0.005038649,944746.6769,770196.4797
TRAC,OriginTrail,11,7,22.0,95562403.89,1.230997344,447906902.9,4278526.505
OPIUM,Opium,1,3,4.0,483073.5936,1.690833906,7035904.812,54840.73421
DVPN,Sentinel,3,3,6.0,4326765.721,0.017232308,102568816.7,4285757.342
BET,DAO.Casino,548,327,969.0,37253.0,0.021192678,3544916.588,163263.2448
POLS,Polkastarter,24,1,25.0,7535923.951,3.917202594,325956037.2,79264158.07
LBC,LBRY Credits,4,1,7.0,0.0,0.045731913,23828833.06,1288315.438
EDEN,Eden,10,1,15.0,15554326.83,3.316157332,43881473.63,11720264.39
BAX,BABB,5,2,7.0,922813520.9,0.000926496,46186737.04,3856573.53
BNB,Binance Coin,6617,146,6817.0,9606155.069,591.4545375,98655295844.0,2118474394.0
TRST,WeTrust,669,504,1343.0,649843.0361,0.012049498,1110331.132,110.1045793
BMI,Bridge Mutual,16,4,20.0,16414510.43,0.386065786,24977325.6,448716.9153
TRX,TRON,198,28,252.0,0.0,0.093022944,9478435489.0,1652156752.0
GVT,Genesis Vision,3,2,5.0,6358799.815,0.385500628,1706566.297,31574.14459
XNO,Nano,24,185,221.0,0.0,4.020485807,535722887.7,22678039.72
IQ,IQ.cash,63,15,82.0,0.0,0.008493505,101605.5698,12347.35234
GRS,Groestlcoin,1,1,2.0,0.0,0.81744704,64553926.73,10531202.87
MORE,More Coin,11043,7673,19867.0,0.0,0.046077826,92155.65145,253.0194173
XLM,Stellar,156,185,347.0,0.0,0.29804463,7341694839.0,711987900.3
MARSH,UnMarshal,4,3,7.0,4276073.856,0.736113851,5223536.244,4179545.205
DOGEDASH,Doge Dash,29,1,30.0,0.0,0.00112127,60601156.7,1352125.88
COMBO,Furucombo,37,10,49.0,5249768.437,0.489362936,12037562.15,953406.1085
BCN,Bytecoin,9,1,10.0,0.0,0.000349147,64266375.82,58760.84207
TWT,Trust Wallet Token,163,1,164.0,0.0,0.815071501,282790024.1,20177105.72
IRIS,IRISnet,1,1,2.0,0.0,0.096467178,112689923.7,6248394.01
SIG,Spectiv,6,2,11.0,462.0323418,0.000137164,30309.60976,18.04632776
MAPS,MAPS,26,2,31.0,187902.9433,0.45630776,19718552.38,2336013.499
ETN,Electroneum,20,2,22.0,0.0,0.012518115,224177788.2,868601.2411
CONV,Convergence,4,4,8.0,345168356.1,0.020003252,28569354.2,1068515.263
ELEC,Electrify.Asia,2,1,3.0,7785637.948,0.001139736,603594.5717,19308.87009
BOMB,BOMB,131,27,164.0,57001.0,1.636289602,1465706.411,332168.8331
DMT,DMarket,13,1,14.0,31422.14091,0.017753318,1010550.363,173.4240516
VIA,Viacoin,612,274,1132.0,0.0,0.223184574,5172247.738,48918.6135
ION,ION,14,3,17.0,0.0,0.040071776,552076.918,24.03038455
WOO,Wootrade,57,39,96.0,126176111.1,0.747545522,429287387.6,25324260.12
CHSB,SwissBorg,2,1,3.0,4026748.371,0.689544475,689544474.5,3548198.846
LEO,UNUS SED LEO,14,7,21.0,2175.1378,3.61815196,3451551005.0,3353618.398
NOTE,DNotes,189,104,348.0,0.0,0.00013241,17881.11081,89954.2209
ABT,Arcblock,48,7,56.0,17337087.24,0.1648905,16250668.74,2495787.059
QUICK,QuickSwap,379,339,765.0,9739.354213,283.7875322,92826901.78,18547472.08
DENT,Dent,17,12,30.0,3414155714.0,0.004006127,396637828.9,50432298.65
ROSE,Oasis Network,69,48,120.0,0.0,0.262798802,917959975.0,131700427.4
MKR,Maker,69,46,123.0,127684.8733,2718.626961,2688043966.0,114836374.5
MLM,MktCoin,6,7,13.0,0.0,1.49e-05,18075.70355,139.6463353
GUSD,Gemini Dollar,108,61,177.0,300468091.6,0.994540191,132235371.7,12394670.28
TRUE,TrueChain,1714,878,2706.0,0.0,0.171423774,13641139.89,3434717.749
REEF,Reef,20,1,21.0,1680404957.0,0.020026831,322683362.0,41107332.65
PNT,Penta,4,4,8.0,108395600.5,1.63e-05,343126.7839,34989.22969
RAMP,RAMP,26,22,48.0,6875690.268,0.231958108,94157910.44,14040687.02
UOS,Ultra,75,30,106.0,102356989.8,1.712570035,484289511.4,21763292.51
FONT,Font,11,2,16.0,48938.21872,1.184084333,577016.117,7266.616935
PPC,Peercoin,2,1,3.0,0.0,0.780757144,21296109.66,15383.0906
CELL,Cellframe,37,17,57.0,7345771.225,1.656968318,47448797.78,2024366.162
POLK,Polkamarkets,8,2,10.0,5397947.68,0.610782959,29062099.75,1246279.917
TITAN,TitanSwap,53,1,55.0,20010.86824,3.517159189,187830932.1,2346817.247
JOE,JOE,191,64,269.0,0.0,2.5218872,338584896.1,16325372.23
TERA,TERA,2,2,5.0,0.0,0.002217719,1873332.304,82803.91678
STORM,Storm,237,49,287.0,660246.0225,0.002292826,17961187.21,365265.5336
LINDA,Linda,3,1,14.0,0.0,0.00048606,6437312.786,169.6530603
BOE,Bodhi [ETH],1,3,5.0,0.0,0.100888024,1494917.264,4205.012843
CARD,Cardstack,618,286,951.0,0.0,0.010503734,24767625.37,243361.1231
FWT,Freeway Token,9,2,11.0,406108261.0,0.012913922,70451375.66,1473394.236
PAT,Patron,14,7,24.0,0.0,0.004470972,1761289.953,5182.807187
GENE,Parkgene,5,2,7.0,6784120.331,25.59861444,7545469676.0,5409.933378
PRE,Presearch,1144,100,1471.0,62700.0,0.250083998,99177920.49,1780089.844
CVC,Civic,7,10,18.0,139817997.6,0.394844929,264546102.2,51111853.85
QRDO,Qredo,25,1,26.0,26217617.87,5.703365322,189123200.9,36117605.73
RAVEN,Raven Protocol,3,2,5.0,0.0,0.001086631,4883616.824,1329.398958
TEL,Telcoin,51,25,80.0,7561321.31,0.012813693,736814414.0,12777160.68
PAL,Pal Network,44,42,87.0,0.0,0.000181557,79617.20852,5131.354736
NEXO,Nexo,5,21,38.0,28922377.49,2.336235753,1308292047.0,15750087.23
AMP,Amp,9889,98,12370.0,25740694560.0,0.056743068,2396129380.0,108424535.3
FDZ,Friendz,975,274,1570.0,0.0,0.001273983,661190.7323,185228.326
PROM,Prometeus,4,2,7.0,174540.092,13.70875715,225509055.2,7097877.092
HIT,HitChain,1928,869,2882.0,3099219383.0,9.38e-05,5763473.645,794320.816
PLR,Pillar,8,4,12.0,9135449.259,0.030624232,7942339.428,148609.0836
HNST,Honest,236,187,452.0,0.0,0.01959295,1842944.228,4105.127115
BIT,BitRewards,803,1023,1940.0,0.0,0.000168712,57821.80267,0.37116616
DX,DxChain,59,1,62.0,69709785.06,0.000542098,27104898.9,44502.67238
DAC,Davinci Coin,3,1,4.0,3391356.946,0.000359704,3049774.591,265328.7014
OCE,OceanEx,2,1,3.0,0.0,0.0011766,2103806.042,12118.754
ARK,Ark,20,4,24.0,0.0,1.473049435,196848188.3,14824202.4
IG,IGToken,82,12,96.0,0.0,6.18e-06,26502.50044,2.21089792
ALI,AiLink Token,13,1,20.0,0.0,0.000148741,771075.5505,2707.388444
KIN,Kin,13,10,24.0,0.0,7.92e-05,132385924.3,9215233.577
AUTO,Auto,689,236,938.0,0.0,756.9726116,40121466.22,4438607.047
DNT,district0x,15,1,17.0,298599581.5,0.155975948,93585568.87,19445260.68
GEM,Gems,6468,58,6538.0,0.0,0.000306243,368500.4311,24656.19153
BMX,Bitmart,139,2,141.0,602328.2001,0.384068322,66719559.62,17150853.57
COS,Contentos,75,100,183.0,0.0,0.023946376,87353485.8,28578403.68
HELP,Helpico,6464,835,7516.0,0.0,0.017246081,407.4820077,2.35409002
GUM,Gourmet Galaxy,8,5,14.0,3278229.66,0.438906179,1453720.735,565332.2692
RATING,DPRating,24,8,36.0,1055908.0,0.000253421,542430.2368,26732.53258
WEB,Webcoin,1363,94,1489.0,0.0,0.00013215,7326.411803,111.056502
REM,Remme,4,1,5.0,46969828.02,0.001357939,1357939.393,88635.67355
YOU,YOU COIN,52100,22369,77619.0,80920.496,0.003890116,2163371.926,223318.5578
LET,LinkEye,1965,749,2851.0,34253667.42,0.003921098,3528984.509,246474.5388
FUEL,Etherparty,74,34,110.0,3999435.0,0.000617265,617264.9098,42201.22958
HAND,ShowHand,451,275,772.0,915185377.0,8.83e-07,54652.26882,0.41311995
DG,Decentral Games,6,2,9.0,45140.56607,416.6123718,144437633.2,1351066.294
WHALE,WHALE,400,349,951.0,1264768.764,19.38276432,133849429.6,961841.1065
AST,AirSwap,31,1,32.0,26386609.87,0.323775467,48566320.01,2002453.626
MTN,Medicalchain,113,1,114.0,4382892.98,0.005260453,1688335.714,181936.6696
ZEE,ZeroSwap,9,2,11.0,5336437.963,0.397118858,25188892.54,966589.3078
HELP,GoHelpFund,6464,835,7516.0,0.0,0.001521713,18484.50209,10682.4253
MTL,Metal,65,30,102.0,6463998.324,2.480616858,165181518.2,33316507.6
SIX,SIX,64,58,128.0,0.0,0.198207231,54264500.96,3307790.205
MET,Metronome,450,32,487.0,124552.2928,5.515274709,68735831.45,108145.8929
NUG,Nuggets,116,3,125.0,54126426.8,0.000353094,609027.2386,564.9503589
CLV,Clover Finance,16,4,25.0,40422964.69,0.823949374,106106369.6,29840144.9
GLCH,Glitch,35,44,79.0,12979971.04,1.051159955,83339063.91,3557206.311
MDT,Measurable Data Token,5,1,7.0,5579130.96,0.059887409,40493291.36,9267933.032
FCL,Fractal,19,6,26.0,5977773.062,0.219201321,3637705.312,432923.3478
THETA,Theta,104,17,123.0,0.0,4.841689001,4841689001.0,229817611.7
DEXT,DEXTools,323,2,326.0,7112272.599,0.490873791,49580431.09,442859.3877
META,Metadium,668,78,755.0,0.0,0.123942037,154361168.6,30051627.89
PLA,PlayDapp,7,2,9.0,51703148.3,1.588003296,383652508.1,76899671.59
LTO,LTO Network,3,13,17.0,0.0,0.411992173,122436438.5,116012734.6
RSR,Reserve,211,110,358.0,3547154035.0,0.036258314,477159322.7,81738465.29
EFI,Efinity,7,5,12.0,150086324.7,1.250230229,212360957.8,15072954.11
FXS,Frax Share,1,1,2.0,11712393.09,21.07259704,341574253.4,23233410.43
SHA,Safe Haven,17,21,42.0,0.0,0.006455724,19404971.42,3531895.7
ZIL,Zilliqa,70,63,137.0,0.0,0.073057579,884293941.5,117929474.4
SUB,Substratum,231,1231,1487.0,439606.3671,0.002915755,1116795.578,172.3239512
LIT,Lition,188,16,207.0,9670802.934,0.007599372,270097.099,84114.67624
EDN,EdenChain,10,1,15.0,0.0,0.003437574,2062544.485,13444.33186
DUCK,Duck DAO,46,17,130.0,4453609.795,0.374505415,11729208.08,428307.2278
PASS,Blockpass,696,135,864.0,0.0,0.0020402,341169.9185,1837.566257
NEW,Newton,7057,2921,10606.0,0.0,0.000331771,6825189.803,922284.2434
XYO,XYO Network,14,8,22.0,4469362494.0,0.038336298,492422900.7,17253111.96
ICX,ICON,50,30,87.0,0.0,1.310409667,887831001.0,62276034.99
MVP,Merculet,36,5,42.0,1818910.412,0.00047129,2044510.17,548741.3721
SAKE,SakeToken,58,54,119.0,3498212.383,0.028503923,2903195.993,29621.10844
BIT,BitDAO,804,1023,1941.0,116390313.5,2.026997185,1188385767.0,95143077.47
FIL,Filecoin,137,17,159.0,0.0,40.61736636,5467452590.0,940138493.8
BTG,Bitcoin Gold,76,76,162.0,0.0,46.52744952,814878195.7,18180190.74
OST,Simple Token (OST),2,1,3.0,14006011.34,0.003455373,2634615.219,34167.8932
AGLD,Adventure Gold,10,2,12.0,11688726.96,1.661654331,116598286.1,38325156.55
MTV,MultiVAC,13,9,22.0,0.0,0.011422052,41847458.43,6230193.432
USDT,Tether,721,649,1504.0,59318387623.0,1.001122381,76292337202.0,73604286504.0
JAR,Jarvis+,11,3,15.0,5339035.269,0.012206933,1320268.297,729030.1658
DRGN,Dragonchain,365,23,393.0,8669065.469,0.088769706,32913507.14,260966.2389
HOT,Holo,413,149,584.0,12972576807.0,0.009873031,1708400862.0,193451900.1
GALA,Gala,60,80,144.0,829200684.2,0.466974866,3258179573.0,593173888.2
CNN,Content Neutrality Network,47,7,54.0,717079427.9,1.06e-05,415138.8652,16059.05148
COV,Covesting,1,1,3.0,39468.0,0.563567242,9549897.257,310443.3107
ART,Maecenas,2580,56,2655.0,0.0,0.004086951,281505.5267,1791.799692
WIN,WINk,4142,989,5449.0,0.0,0.000572966,551042648.3,312307758.5
ETH,Ethereum,13544,3735,17702.0,16952924.14,4404.347676,523000000000.0,20098943652.0
COTI,COTI,27,12,40.0,0.0,0.354291782,307763392.9,49877078.21
BOOM,BOOM,148,51,213.0,6293372.708,0.003868337,3010016.93,10002.91351
UTK,UTRUST,6,2,8.0,21586375.62,0.298134199,134160389.7,9023126.666
XEM,NEM,1,1,15.0,0.0,0.144420261,1299782347.0,104709275.4
SAN,Santiment,32,13,50.0,0.0,0.392956711,24871636.61,18907.0164
GOT,GoNetwork,4466,2772,7533.0,4539.3471,0.002481114,178626.837,35692.77509
CHR,Chromia,5,1,13.0,195962175.1,0.626236018,355307178.0,85901099.9
NCASH,Nucleus Vision,1,1,2.0,66450298.59,0.002691132,19401225.5,204021.7
OMNI,Mastercoin (Omni),11,4,15.0,0.0,3.1111,1751487.592,670.8512282
FX,Function X,11,2,13.0,19237554.95,0.990318493,404565264.3,5912307.134
YEE,YEE,16,4,20.0,581627293.0,0.002712572,3703252.888,336135.8836
TIC,Thingschain,10,1,11.0,0.0,3.53e-06,40411.60536,247.2759615
UND,Unification,3,2,38.0,0.0,0.073016464,2515227.505,20392.53268
PRO,Propy,232,412,671.0,1942975.658,1.841282708,130455627.4,760539.369
HTML,HTMLCOIN,12,26,45.0,0.0,0.0001075,5704757.403,5559.947775
TUSD,TrueUSD,11,9,22.0,798040476.4,1.000131977,1293760683.0,130924059.8
CV,carVertical,10,2,16.0,5141375.71,0.000843866,6434879.026,192244.0749
RAGE,Rage Fan,25,9,34.0,18299920.29,0.014941673,847490.7636,15441.91212
SFP,SafePal,4,2,10.0,0.0,1.794884979,194146725.8,50269295.47
BCH,Bitcoin Cash,57,216,286.0,68442584.73,480.6545242,9094824744.0,1278999972.0
NAVY,BoatPilot Token,13,4,20.0,0.0,0.00050635,37400.68554,7939.563817
WOZX,EFFORCE,3,1,4.0,25289257.72,0.328716959,51360824.0,559353.6817
APY,APY.Finance,805,113,939.0,7472560.659,0.358555486,20363944.16,329795.0091
POWR,Power Ledger,4,1,10.0,62182705.34,0.491049032,227422532.4,33331201.15
BLZ,Bluzelle,10,4,14.0,18934407.35,0.267395912,84558275.78,38094676.82
ENJ,Enjin Coin,197,35,233.0,269127964.0,2.826609867,2373800206.0,325012995.5
VEX,Vexanium,1,8,9.0,0.0,0.004927336,3614902.349,697967.0266
CS,Credits,42,6,48.0,0.0,0.027408299,6124560.502,147059.7434
CBT,CommerceBlock,1,1,2.0,0.0,0.015254821,2667559.926,3043.460346
HOT,Hydro Protocol,401,147,570.0,1562669.252,0.00983841,6906563.485,691791.7789
EOS,EOS,27,23,117.0,0.0,3.725121375,3625666149.0,2017515801.0
LRC,Loopring,35,1469,1506.0,1107312599.0,2.440906733,3242338672.0,452655986.2
MGO,MobileGo,7631,9053,17835.0,101062.8742,0.010639929,1063959.638,67691.72072
VET,VeChain,194,267,469.0,0.0,0.094292344,6064466498.0,479128846.8
POLY,Polymath,85,11,96.0,83944618.12,0.586733248,527209647.0,26051361.64
APR,APR Coin,54,34,92.0,0.0,0.001012699,14094.63764,1.02783932
BOND,BarnBridge,34,60,98.0,5999412.079,19.26330057,98236389.53,10996354.62
ROOM,OptionRoom,390,147,562.0,2559743.965,0.087168473,1089028.25,110305.9518
UNI,Uniswap,1060,73,1156.0,24928585.29,18.10500234,11368673373.0,392393518.3
RLC,iExec RLC,7,3,17.0,4036328.03,3.380676471,270693446.7,19279478.78
FLO,FLO,3,1,4.0,0.0,0.041514772,6324817.356,59653.81471
STORJ,Storj,1,7,8.0,38463912.29,1.833094239,644402304.0,124480492.4
MOVR,Moonriver,44,1,46.0,0.0,202.3420353,506005226.1,33613266.53
XMR,Monero,73,281,372.0,0.0,208.6389158,3764411061.0,208821319.4
ORBS,Orbs,3,1,4.0,144804577.4,0.098670174,220029606.0,18146037.08
GEN,DAOstack,972,16,992.0,6122071.687,0.067897777,3328966.575,271879.067
FLUX,Flux,39,5,45.0,3325262.678,1.319835548,291770210.5,10441293.32
XTZ,Tezos,270,66,337.0,0.0,5.500218329,4783790835.0,1753798801.0
TORN,Tornado Cash,33,13,47.0,248166.9363,36.14726415,39754569.85,11184507.59
DERO,Dero,5,2,7.0,0.0,14.25974121,157488360.8,838408.1082
PPT,Populous,1,1,2.0,26110036.29,0.637675174,33957635.22,1104497.084
WAVES,Waves,113,44,163.0,0.0,18.98459578,2029494751.0,69984136.74
KEY,Selfkey,337,229,629.0,103565503.7,0.013520563,68413633.55,20693792.58
ADS,AdShares,80,54,142.0,0.0,3.555317796,74606156.09,3325163.893
BLANK,Blank Wallet,24,6,31.0,1518298.508,0.710226713,13774714.99,1137167.462
VAL,Sora Validator Token,2,1,3.0,465548.0956,0.449436276,182803.8881,35367.48917
NOIA,Syntropy,11,1,12.0,91937489.21,0.286438075,143770270.9,1435237.066
BTS,BitShares,13,2,24.0,0.0,0.037992807,113772500.5,11870412.94
OMI,Ecomi,20,2,23.0,0.0,0.005765753,958763033.5,13482214.01
LIKE,Like,12614,7914,21915.0,413902.78,0.028910455,30885308.26,41759.58645
XCP,Counterparty,7,4,12.0,0.0,14.56747979,38077818.87,115415.39
AMPL,Ampleforth,1,3,4.0,104554335.2,0.942321548,233207436.9,6468389.365
PYR,Vulcan Forged PYR,22,4,27.0,2167169.079,30.04285666,570745178.0,99624536.76
VEGA,Vega Protocol,5,4,14.0,638899.4104,11.81635875,87049245.54,8230778.798
BTC,Bitcoin,19004,7879,29092.0,4252139.975,50663.60582,957000000000.0,30450053140.0
VEE,BLOCKv,25,1,26.0,100111967.7,0.010234741,34908477.98,31147.09903
FTC,Feathercoin,2,6,8.0,0.0,0.014202641,3360348.137,2716.765409
OPEN,Open Platform,1404,410,1973.0,0.0,0.001704057,1809044.782,50745.98253
EVE,Devery,26,5,32.0,275632.5756,0.002424978,152572.5748,5530.638397
VIN,VINChain,5,1,6.0,0.0,0.006251633,3689144.509,263684.9871
DAO,DAO Maker,1293,47,1350.0,41132511.17,6.216082011,392598933.4,7189840.123
XDC,XinFin,9,8,19.0,1219922.21,0.077366831,951999841.6,5668259.8
BRD,Bread,65,54,124.0,2828417.043,1.188322356,105597554.4,9084865.185
HPB,High Performance Blockchain,14,1,15.0,0.0,0.1256244,9179368.61,965034.9687
WHITE,Whiteheart,390,69,476.0,325.3725694,673.9084905,5989698.663,97403.54912
IQ,Everipedia,72,15,91.0,0.0,0.013862205,138919409.7,8806236.816
TRIO,Tripio,6,1,15.0,152600138.5,0.000514983,1931185.492,109496.2621
CHX,Own,2543,1049,3756.0,0.0,0.023964707,2389736.906,467458.1723
PROS,Prosper,33,352,386.0,1359115.2,1.444299649,6462957.831,1580796.4
MOON,Mooncoin,3942,1202,5182.0,0.0,2.99e-05,6800259.797,141.3690498
LIT,Litentry,188,17,208.0,16520663.62,3.417839779,106001050.2,33010542.83
MAN,Matrix AI Network,3390,1144,4664.0,0.0,0.051059018,10942051.89,946494.138
LINK,ChainLink,304,28,439.0,62190041.03,22.86337058,10677412495.0,1827244357.0
WINGS,Wings,42,10,54.0,185088.5726,0.017247603,1724760.143,452.7319555
SMT,SmartMesh,7,3,10.0,0.0,0.002353124,3154407.741,430686.7153
ELF,aelf,36,1,38.0,3421447.691,0.471391901,256663556.3,88202113.52
MANA,Decentraland,519,210,743.0,833204620.0,3.718665007,6785063659.0,1107626202.0
RED,RED,712,766,1557.0,551311.1759,0.00631241,820613.3947,22861.75704
VSYS,V Systems,7630,9053,17834.0,0.0,0.018777953,45720846.64,1106111.697
CND,Cindicator,1,1,2.0,26882830.13,0.014687103,29374207.04,3106635.004
EURS,STASIS EURS,5,1,6.0,20947842.65,1.136312054,112297106.8,11068746.45
RAI,Rai Reflex Index,1,6,8.0,56372859.89,3.008790958,80593086.56,1820745.83
DYDX,dYdX,39,18,58.0,31462312.85,9.343227641,612628849.5,239140278.3
BAT,Basic Attention Token,122,232,363.0,467089471.8,1.276165399,1905284445.0,420078727.7
SENSO,SENSO,1,1,4.0,759012497.0,1.726214387,21131184.13,2071946.056
BEST,Bitpanda,5325,1333,7208.0,203602.9276,1.032665681,372858054.4,45604.86436
SWM,Swarm,3,1,4.0,0.0,0.063884068,4995074.169,486617.9353
QNT,Quant,59,35,97.0,834479.2949,163.7912293,1977408599.0,65070496.04
TENT,TENT,10,4,15.0,0.0,0.017721658,685202.3548,95595.52621
SUPER,SuperFarm,1288,333,1674.0,132467117.1,1.561698376,626882757.5,104442073.5
XPRT,Persistence,20,3,34.0,0.0,6.491036603,397247803.2,1439668.45
ITC,IoT Chain,3,1,5.0,0.0,0.050949353,4443530.364,3907494.937
WBNB,Wrapped BNB,2,2,4.0,0.0,603.7595068,3045168728.0,1254275136.0
TEN,Tokenomy,62,63,132.0,115942.9734,0.057967699,11593539.72,21553.48467
HTR,Hathor,15,2,17.0,0.0,1.152239844,256007183.4,13543564.79
EGG,Nestree,44,22,68.0,29856770.35,0.004425418,10000914.89,58814.25207
EGG,Goose Finance,44,22,68.0,0.0,0.244581124,429271.7125,107906.8573
ACT,Achain,207,150,374.0,0.0,0.006424237,6424237.273,870820.9023
VOTE,Agora,396,133,550.0,0.0,0.003595761,135082.1331,14.3771415
XEC,eCash,44,1,45.0,0.0,0.000126519,2393478446.0,46753315.61
FTX,FintruX Network,109,26,182.0,5081021.908,0.014376876,1365803.261,14964.18773
MITH,Mithril,6,1,7.0,0.0,0.06958059,69580590.42,29603460.8
VGX,Voyager Token,26,13,39.0,125030.4935,4.006488927,1115735907.0,20379990.17
MIOTA,IOTA,40,98,141.0,0.0,1.203027961,3343852649.0,50786649.5
IOTX,IoTeX,10,15,26.0,0.0,0.113629248,1084111580.0,47286399.52
ENG,Enigma,12,2,16.0,33701.5882,0.087330321,1213175.123,313777.5634
BREW,CafeSwap Token,41,3,44.0,0.0,0.134034464,1192878.422,84329.60523
CKB,Nervos Network,10,124,134.0,0.0,0.025289135,731516675.9,37585784.1
GLM,Golem,11,5,16.0,27842718.76,0.546023735,546023735.3,13896026.68
ECO,Ormeus Ecosystem,52,11,63.0,0.0,7.01e-05,156262.2997,110400.6272
CTXC,Cortex,5,6,12.0,0.0,0.412255317,77264084.18,29225597.62
LQTY,Liquity,1,4,5.0,9945856.992,8.157784967,108924381.2,475098.873
SAI,Single Collateral DAI,29,40,78.0,9618.717136,1.286317527,8567011.11,902.2147895
DFI,DeFiChain,53,4,58.0,0.0,4.862899124,1461358763.0,10891491.45
DAI,Multi-collateral DAI,28,40,77.0,15650396756.0,0.999945545,6474599122.0,633085837.4
CHI,Chi Gastoken,6,1,27.0,626886.0,0.268022251,228728.5806,66505.59489
XRP,Ripple,602,225,872.0,5720348824.0,0.867369458,40980861339.0,2787628088.0
NORD,Nord Finance,2,1,4.0,544427.8886,6.134248525,19567609.97,5697429.165
FSN,Fusion,83,4,89.0,0.0,1.272637705,89485094.09,7594505.788
ATLAS,Star Atlas,45,6,51.0,0.0,0.126614845,273488066.0,37064772.32
RLY,Rally,135,99,251.0,924988376.7,0.435870507,949848737.6,6978017.061
ALCX,Alchemix,3,9,12.0,170917.2855,286.4178696,251259179.3,8471669.666
OXT,Orchid,4,2,6.0,383088313.6,0.416850859,287914754.5,39418260.78
KICK,KickToken,91,64,164.0,0.0,0.01833263,2304020995.0,858.2788765
INT,INT Chain,7842,9056,18049.0,0.0,0.011971245,5824937.26,1625775.782
ROAD,ROAD,404,98,510.0,0.0,0.000851035,67487.55507,51001.2675
BMXX,Multiplier,30,5,40.0,0.0,0.117196615,118654.7668,4973.185918
IMX,Immutable X,29,5,45.0,2303676649.0,5.586708339,1051199332.0,55315269.44
AVA,Travala,319,1,321.0,0.0,1.883070015,96980435.54,12585103.05
MATTER,AntiMatter,548,629,1277.0,4862258.9,0.525559964,16450788.23,268633.6622
AUDIO,Audius,62,6,69.0,31407501.96,1.715997394,875008179.7,29029154.16
PUSH,Ethereum Push Notification Service,234,116,368.0,2914971.984,1.892570467,25209161.64,912893.5663
NOW,NOW Token,14319,6340,22380.0,335872.0917,0.065693951,5509159.159,0.65693951
AUCTION,Bounce Token,640,429,1141.0,876611.9279,28.34417441,59068000.92,15274297.56
LYXe,LUKSO,5,1,6.0,1173220.905,16.28963279,246395612.4,2380993.767
ENS,Ethereum Name Service,114,42,157.0,55662645.14,50.20444466,1016382058.0,121931442.4
BTT,BitTorrent,35,4,93.0,0.0,0.003712429,3675305173.0,2050492950.0
TROY,TROY,9,2,11.0,0.0,0.012798167,113976126.7,14524806.79
CRV,Curve DAO Token,86,49,139.0,140415452.3,4.024378186,1746107900.0,478210408.1
MATH,MATH,121,119,244.0,947703.6916,0.700215415,80073948.91,656675.9687
WRX,WazirX,11,7,18.0,0.0,1.206333835,392127093.7,61242655.2
HYDRO,Hydro,6,3,9.0,0.0,0.015355662,1264468.328,20914.18704
HOGE,Hoge Finance,51,3,54.0,20104570559.0,0.000255501,102804361.3,974868.0626
HNS,Handshake,7,1,8.0,0.0,0.308388538,137556103.4,832288.159
TLM,Alien Worlds,11,1,12.0,78276818.66,0.257398911,235270421.6,155196945.6
OBSR,Observer,4,1,8.0,0.0,0.00659409,26742829.32,175773.8826
LBA,Cred,9,1,10.0,31001378.19,0.004086332,4047144.459,552257.0746
URUS,Aurox,6,1,7.0,57498.29011,181.9864088,94983984.34,1423713.683
EXRD,Radix,46,14,60.0,1551139090.0,0.286976971,210880617.1,4192122.591
DOWS,Shadows,15,2,17.0,16552714.13,0.157145959,4164367.915,216834.0158
DGB,DigiByte,4,16,22.0,0.0,0.04008716,597613756.3,31688261.69
GS,Genesis Shards,13,2,15.0,3404942.269,0.184920274,2224773.603,81234.84826
BNT,Bancor,8,2,11.0,155933767.9,3.644717458,856776583.5,61292072.84
USDC,PolygonUSDCoin,172,166,349.0,4198051120.0,1.000102853,40998976011.0,4405058163.0
LINK,PolygonChainLink,2050,829,7846.0,1116375.209,22.86337058,10677412495.0,1827244357.0
EASY,EasyFi,1149,512,1820.0,580806.8889,3.534962343,8925192.659,585534.2991
OCEAN,Ocean Protocol,313,54,368.0,165573121.9,0.928460406,569238277.1,71053805.25
1INCH,1inch,82,15,100.0,47615904.33,2.754801718,1115836579.0,164554858.5
AAVE,PolygonAave,23,32,66.0,107552.3379,189.1601558,2538239336.0,263780175.7
FRAX,Frax,6,2,8.0,810383382.6,0.999606865,1338048441.0,34085023.73
JST,JUST,14410,11018,26885.0,0.0,0.072843957,531791844.9,368572894.7
KAI,KardiaChain,7,1,8.0,12711914.67,0.08109391,246201112.0,3106084.491
PI,PCHAIN,145,22,173.0,0.0,0.009676276,8428621.702,69103.2742
FOR,The Force Protocol,42418,17085,63014.0,335449928.9,0.069178377,44240955.68,10110071.06
REV,Revain,11,2,19.0,39979408.75,0.010184637,866320340.7,2022513.572
ESH,Switch,127,92,238.0,0.0,0.039603728,479751.3513,133646.2573
RUNE,THORChain,63,10,75.0,0.0,7.801194387,2014348081.0,69289843.37
RULER,Ruler Protocol,9,1,10.0,3.0,0.40995108,1532.807087,609.6626345
SLP,Smooth Love Potion,319,7,338.0,9992764166.0,0.045529802,145019625.9,1783193608.0
WAXP,WAX,37,7,52.0,0.0,0.482095679,897603746.5,64188729.41
DAG,Constellation,20,5,26.0,0.0,0.161459915,204555492.3,1138738.38
ETC,Ethereum Classic,529,638,1321.0,0.0,40.93125464,5382426588.0,819664287.1
RNDR,Render Token,35,1,36.0,43960565.51,4.525537633,828646961.5,31963143.68
YGG,Yield Guild Games,3,1,5.0,17599751.72,6.180356151,426908325.8,72180489.68
NUX,Peanut,10,5,16.0,2841658.301,0.246452597,2335401.831,396474.0129
FORTH,Ampleforth Governance Token,32,41,79.0,1247869.117,11.20269961,107575495.6,9178954.823
STMX,StormX,10,3,13.0,1416170271.0,0.02673955,267395504.8,83538829.25
BOSON,Boson Protocol,4,2,6.0,4956975.464,1.872530165,117280863.9,9468541.825
HEX,HEX,432,11,445.0,4571408637.0,0.131173857,22746999408.0,24516503.58
KNC,Kyber Network Crystal,1,1,3.0,38950096.44,1.517899572,269896735.5,55169982.24
LCX,LCX,12,3,15.0,356648142.4,0.203306618,150771607.9,5134247.322
CWS,Crowns,4,1,6.0,271531.5129,7.755312898,17405812.14,1426745.487
RAD,Radicle,47,2,49.0,1926929.142,11.43512069,243270470.5,22871927.82
BAKE,BakeryToken,26,8,35.0,0.0,1.300643052,251712783.1,50137780.93
AVAX,Avalanche,543,177,755.0,0.0,91.80846453,22291053637.0,848501615.0
YFI,yearn.finance,14,2,17.0,10130.96533,22272.64255,816018868.6,221252014.4
NEST,NEST Protocol,14,5,19.0,302831641.0,0.007201199,14441819.77,1799934.789
PRT,Portion,50,61,119.0,15334020.32,0.012752566,4301700.88,8022.389373
ELON,Dogelon Mars,3339,239,3601.0,343611000000000.0,1.22e-06,672912296.9,31599856.38
DEC,Decentr,3866,142,4278.0,18904708.72,0.143822343,14348944.5,570158.6814
SHIB,SHIBA INU,3118,239,3423.0,239184000000000.0,3.73e-05,20464063309.0,1420528709.0
ANY,Anyswap,3259,5055,8861.0,0.0,20.52353184,382544682.0,50498430.73
TEND,Tendies,62,108,193.0,43729.69639,0.039028391,292581.4909,0.1018641
FEAR,Fear NFTs,497,642,1219.0,3657092.883,1.892425776,12361621.76,10145129.29
SNL,Sport and Leisure,8,27,35.0,116938.0,0.263970276,179146847.2,640129.4514
MASK,Mask Network,142,16,162.0,7219938.334,12.83683553,373946296.5,161754552.7
MOB,MobileCoin,20,6,26.0,0.0,15.93736611,1182844602.0,4039069.306
NFT,APENFT,16094,286,16525.0,0.0,2.98e-06,825642753.0,541988367.6
DOS,Dos Network,20,3,30.0,9512560.652,0.023632821,3212622.403,125485.8249
REP,Augur,100,7,108.0,650866.3336,18.09827809,199081059.0,26591314.26
ZAP,Zap,1,1,2.0,141448192.3,0.024514049,5788857.079,71489.52051
DIA,DIA,12,2,17.0,3184520.387,1.495795099,84713757.09,12743204.58
FAB,Fabric,15,6,21.0,0.0,0.080401793,3972926.127,38670.04649
SAFEMOON,SafeMoon,588,8,599.0,0.0,1.66e-06,973810118.7,4214209.844
C98,Coin98,4,1,5.0,3180440.578,2.239602895,414326535.6,37883521.7
STRONG,Strong,1196,425,1702.0,683759.5722,497.6176158,68805090.12,9762553.393
TOWER,Tower,72,8,82.0,120229163.7,0.077158371,18334371.04,1187710.791
NEAR,NEAR Protocol,359,312,706.0,0.0,8.396748898,4801679900.0,327619191.1
WEST,Waves Enterprise,97,46,199.0,0.0,0.30548559,12819984.73,2017960.756
CSPR,Casper,15,27,42.0,0.0,0.181985104,505774232.6,63361502.77
XCH,Chia Network,10,2,12.0,0.0,106.6154258,264965667.2,21762054.5
SOCKS,Unisocks,25,7,32.0,0.0,107037.7011,32325385.73,46014.85021
MEME,Meme,1116,340,1532.0,1981.023471,697.526696,19530747.49,497045.8453
JASMY,Jasmy,20,29,49.0,1119124909.0,0.116506257,553979187.5,59149990.04
STRK,Strike,35,53,94.0,0.0,40.81583322,124946167.3,3915321.941
DOT,Polkadot,828,489,1350.0,0.0,29.54778858,29180784800.0,1658202688.0
OXY,Oxygen,27,1,31.0,136413.7448,1.510036518,97048299.69,759348.5812
RAY,Raydium,60,69,135.0,73102.77584,8.748658083,679695734.7,79436188.23
LUSD,Liquity USD,2,4,6.0,592566212.3,1.004572963,722736095.4,25302142.35
AXIS,Axis DeFi,13,2,16.0,115108.0496,0.368420429,767935.9113,66548.16573
HARD,HARD Protocol,1922,969,3051.0,0.0,0.91151617,85834439.6,25709520.01
ID,Everest,256,106,1754.0,8083181.658,0.309257083,36090301.61,251267.8563
TRIAS,Trias Token,8,2,10.0,208140.3416,10.72748306,17163972.9,13898895.1
UNCX,UniCrypt,7,2,10.0,3282.473305,901.1314397,24512005.85,6833076.093
RING,Darwinia Network,69,27,105.0,95752524.32,0.05376301,27769314.93,3864438.35
OM,MANTRA DAO,14,7,31.0,63047287.52,0.180304225,74053520.94,12414762.91
CVX,Convex Finance,3,4,7.0,16594471.79,27.55830242,1116144792.0,16589305.92
NDX,Indexed Finance,1,1,2.0,907815.9303,1.071564124,915974.0844,4294.266886
XVS,Venus,14,2,16.0,0.0,16.57937325,192442339.4,15039668.13
SYS,Syscoin,122,80,204.0,0.0,0.5761577,359415447.8,19496994.75
HUNT,HUNT,85,19,107.0,4158286.415,0.843973804,93138753.76,17755630.15
POND,Marlin,46,7,53.0,280694073.2,0.07838513,57762662.47,20410033.91
HAPI,HAPI,1,1,2.0,76893.42743,41.9361457,21445322.06,1055196.299
KIMCHI,KIMCHI.finance,1,1,2.0,353048018.0,9.55e-05,264348.2,46767.65376
GTC,Gitcoin,44,15,64.0,1850991.743,12.43411633,176542091.9,106170160.4
EGLD,Elrond,111,16,130.0,0.0,298.9530634,5931737659.0,170928645.9
FARM,Harvest Finance,211,118,338.0,13642839.54,105.4209211,68833175.97,15699216.82
PROPS,Props,37,11,48.0,10956079.58,0.008290388,2974918.806,155370.7455
OIN,OIN Finance,1,3,5.0,4413165.446,0.233076571,7680049.993,141363.1403
BIDS,DeFi Bids,109,10,133.0,0.0,0.025494586,577692.9713,260.4728
STAKE,xDai,440,712,1200.0,5454830.15,13.38604072,99508360.98,1698850.448
CEL,Celsius,19,92,119.0,16290525.9,3.502804081,836692112.1,6765462.49
SUN,SUN,188,40,242.0,0.0,0.02642946,151726.2318,23050538.34
ANC,Anchor Protocol,6,11,17.0,0.0,3.931195194,713711436.6,12544281.01
ACH,Alchemy Pay,22,31,53.0,0.0,0.067976471,237297380.3,42260450.33
ALICE,MyNeighborAlice,32,6,38.0,3182746.966,13.58425745,415678278.0,177647958.7
FRM,Ferrum Network,5,2,9.0,13607170.96,0.248878893,38505096.84,920396.8736
PNG,Pangolin,19,6,35.0,0.0,1.100312169,73296599.74,3791952.003
BASE,Base Protocol,134,114,272.0,16340.47199,2.178885395,780881.304,12748.43685
PHA,Phala.Network,2,1,3.0,14816401.53,0.439344274,119501642.4,17228103.07
DFS,Digital Fantasy Sports,3,1,5.0,30907.90507,0.045267145,139616.5398,344.8747443
CHESS,Tranchess,45,10,59.0,0.0,2.087302307,101441364.2,48992545.03
WTC,Waltonchain,2,4,7.0,26999.97791,1.212516225,94945084.19,163701743.8
XYM,Symbol,116,7,134.0,0.0,0.283437745,1582279875.0,4288446.73
DEXE,DeXe,9,1,10.0,62206.91789,16.34290301,57203030.72,31343438.38
WING,Wing,47,5,52.0,0.0,15.68922512,33754093.1,3098793.295
BANANA,ApeSwap Finance,41,28,69.0,0.0,1.253752651,101531741.7,3330579.537
FRONT,Frontier,226,130,372.0,3941793.846,0.779361691,57974767.79,20893792.95
HAM,Hamster,84,24,161.0,0.0,1.43e-08,34200300.24,447709.6863
CAKE,PancakeSwap,1462,101,1589.0,0.0,12.1365862,3000254527.0,172200297.4
BANK,Float Protocol,293,454,854.0,53371.27296,77.40774434,10134993.32,335804.4749
PNT,pNetwork,4,4,8.0,3574655.54,1.018918536,42123791.64,14256373.14
NFT,NFT,16089,286,16520.0,5475217.231,0.165849662,6113783.108,79719.67798
OMG,OMG Network,667,95,773.0,177449597.4,6.907671993,968769209.7,636038833.0
ILV,Illuvium,13,7,20.0,150214.6928,1355.397381,871275268.3,70822130.95
BURGER,Burger Swap,88,22,112.0,0.0,3.086609781,52962938.56,8250063.27
ERN,Ethernity Chain,4,1,5.0,2270295.544,10.92258533,138456386.3,23062764.34
CORE,cVault.finance,78,59,192.0,48.79341826,9737.601684,97376016.84,44875.46994
BOND,Bonded Finance,34,58,96.0,26870872.86,0.016560842,6361837.264,218335.0222
USDC,USD Coin,201,183,398.0,45804592748.0,1.000102853,40998976011.0,4405058163.0
FOX,FOX Token,52,8,63.0,23670567.42,0.858617603,100461126.4,16464288.34
MINA,Mina,4,5,9.0,0.0,3.864328136,1217995011.0,51622866.4
QUICK,PolygonQuickSwap,379,338,763.0,377030.3922,283.7875322,92826901.78,18547472.08
STEP,Step Finance,488,183,763.0,0.0,0.37316978,1492679.12,6614173.862
EPS,Ellipsis,15,1,16.0,0.0,0.343658247,170985952.2,22251049.7
KCS,KuCoin Token,7,12,21.0,166894.9682,22.17331692,1776495951.0,22522092.91
HYVE,Hyve,2,1,3.0,5854345.019,0.353954325,9077539.248,428607.9373
UNI,PolygonUniswap,185,25,217.0,126867.2164,18.10500234,11368673373.0,392393518.3
ZRX,0x,11,2,14.0,98466361.42,0.91058327,769894562.0,71378536.3
DAWN,Dawn Protocol,26,14,44.0,442238.3595,2.586794701,185012947.8,8889501.69
AXS,Axie Infinity,233,25,276.0,16674127.12,110.3770592,6722790732.0,811714348.8
IF,Impossible Finance,12991,12542,27164.0,0.0,1.600207446,9602302.415,290111.9662
LN,LINK,2062,847,7878.0,0.0,254.1676078,1518854537.0,584734.2428
SKILL,CryptoBlades,46,32,87.0,0.0,12.03814483,10204969.13,2009505.912
SHROOM,Niftyx Protocol,3,2,5.0,4841957.315,0.395963473,20347001.98,309539.7159
PLAT,BitGuild PLAT,7,1,8.0,0.0,0.000955361,56907.89965,30396.01766
LPT,Livepeer,1,5,6.0,7787053.185,40.81746477,863887573.3,34940081.24
CELR,Celer,7,6,13.0,295095171.8,0.076767233,466492361.6,131339517.1
WAN,Wanchain,7,2,17.0,0.0,0.786963208,151646875.9,8165608.932
SNX,Synthetix Network Token,10,14,24.0,21386123.59,6.11836716,702642664.2,80950939.94
MX,MX Token,6,1,9.0,26307698.05,2.540691478,254069147.8,24280661.08
HBAR,Hedera,46,32,86.0,0.0,0.27347476,4947922062.0,90196574.86
SOUL,Phantasma Protocol,204,41,245.0,0.0,2.268166049,233697061.6,7915047.578
DOGE,Dogecoin,5850,1421,7328.0,0.0,0.179040154,23712120338.0,1068038572.0
NXS,Nexus,4,5,9.0,0.0,0.545890222,39422934.02,1459597.088
VTC,Vertcoin,25,18,44.0,0.0,0.761878289,47999567.97,7404858.941
RVN,Ravencoin,7,22,31.0,0.0,0.092811881,951941764.4,45447198.31
BTCP,Bitcoin Private,5,1,6.0,0.0,1.643450046,7865159.136,4112.521715
GRIN,Grin,8,3,11.0,0.0,0.295152319,26870005.98,2886299.705
ADA,Cardano,4653,858,5612.0,0.0,1.402700877,46804264143.0,1880731209.0
XSN,Stakenet,1,2,3.0,0.0,0.308238279,37774346.34,198100.5092
SC,Siacoin,1172,18,1194.0,0.0,0.017974895,891721662.2,59090545.42
STARL,StarLink,256,6,263.0,2264830000000.0,4.54e-05,453106856.3,45795347.82
BCD,Bitcoin Diamond,19,2,21.0,0.0,1.500744594,279878208.5,4053771.814
TCH,Thore Cash,5,2,7.0,0.0,0.000352401,19401.8423,168984.5629
BTCONE,BitCoin One,8,4,14.0,0.0,6.27e-05,863.1142995,0.138661453
DIME,Dimecoin,19,18,38.0,0.0,4.97e-06,2377701.652,722.7084976
BLOK,Bloktopia,132,8,142.0,0.0,0.081458361,679257182.4,38501637.17
NAV,NavCoin,48,2,50.0,0.0,0.340879226,24666033.64,144217.1288
MAS,MidasProtocol,22,11,61.0,241324.0,0.000779213,152367.759,60991.61678
SINS,SafeInsure,7,1,9.0,0.0,0.010492749,229628.9165,466.6431336
MCO,Crypto.com,1,232,237.0,48499.92331,15.34517185,242359052.3,4293663.521
SMART,SmartCash,1212,526,1862.0,0.0,0.003437992,4860837.179,428318.3399
IAM,Bridge Protocol,52,6,60.0,0.0,0.000659774,147847.5405,95.8221805
MIST,Mist,5,1,7.0,0.0,0.148031628,8342631.497,2052484.172
REN,Ren,6,13,35.0,93148024.53,0.63466316,633244085.3,59241371.24
ONG,Ontology Gas,14,1,17.0,0.0,0.926518914,247414467.3,19955145.92
PAR,Parachute,16,17,40.0,12585747.06,0.002611601,1588562.585,137133.7134
XVG,Verge,73,14,89.0,0.0,0.019842633,327156496.7,12071910.39
DODO,DODO,4,3,7.0,38926527.09,0.955046272,105582242.1,46163998.29
ABYSS,The Abyss,10,6,18.0,16415786.0,0.010099249,2295386.753,339636.0747
UST,TerraUSD,83,59,142.0,702436020.0,1.000933117,8401405890.0,168076894.1
HYDRO,Hydrogen,22,5,27.0,4203590.587,0.000255107,2818063.803,390668.1943
SNGLS,SingularDTV,10,4,14.0,79200580.0,0.000296327,177796.4762,127.2193116
SKY,Skycoin,236,50,289.0,0.0,0.254445065,5343346.364,143630.6321
IDEX,IDEX,2,1,3.0,18216137.85,0.367000725,222094835.2,110544651.2
ETP,Metaverse ETP,8476,190,8719.0,0.0,0.195560012,15528948.17,345120.526
IMG,ImageCoin,3,2,6.0,0.0,0.011228121,133420.5299,72804.65143
ANT,Aragon,10,6,21.0,3790644.119,5.262011585,208425767.9,235194908.8
NEO,NEO,42,49,92.0,0.0,30.96981148,2184574298.0,240354012.0
ONE,Harmony,10998,4493,16312.0,0.0,0.19206395,2200900168.0,129015801.3
ANON,ANON,94,11,110.0,0.0,0.007608565,57777.93633,439.8359271
GAME,GameCredits,8942,610,9793.0,0.0,0.206842482,37482832.99,118527.7303
PIVX,PIVX,4,2,6.0,0.0,0.599685177,40630951.38,477658.1975
BC,Bitcoin Confidential,215,85,305.0,0.0,9.22e-05,678883.1984,1913.772953
INJ,Injective Protocol,4,1,5.0,3704782.598,9.369179366,409016709.4,29009621.33
NRG,Energi,2,1,3.0,0.0,1.693225159,80889879.05,349425.0194
ALPHA,Alpha Finance Lab,479,16,522.0,95649824.4,0.837661683,373873644.5,28680901.25
TOP,TOP,2160,1242,3752.0,52021306.13,0.00116605,6427753.0,528506.3253
TABOO,TABOO TOKEN,167,1,168.0,0.0,0.01440827,140951465.7,4626297.56
CUT,CUTcoin,261,110,395.0,0.0,0.238383422,36092664.5,783.4572352
ZEN,Horizen,41,62,104.0,0.0,75.83806984,896607430.4,68355152.28
KDA,Kadena,39,19,59.0,0.0,11.35043417,1827967421.0,53471216.21
ZEC,Zcash,239,23,264.0,0.0,176.8513606,2344516277.0,554350683.2
BTK,Bitcoin Token,12,1,13.0,0.0,0.007058453,97339.12373,205.9070447
PEG,PegNet,26,24,52.0,0.0,0.001588088,3538190.38,130.1143514
DASH,Dash,86,19,111.0,0.0,146.3793866,1532525979.0,354819848.6
OGN,Origin Protocol,8,31,39.0,79366874.79,0.7372861,286487800.1,34706957.22
L2,Leverj Gluon,47,129,179.0,25215876.44,0.013730354,4246228.218,2421.61978
AAVE,Aave,23,32,66.0,2073184.206,189.1601558,2538239336.0,263780175.7
PAC,PAC Protocol,11,1,13.0,0.0,0.00388032,61356223.11,397262.44
NYC,NewYorkCoin,125,9,137.0,0.0,5.3e-05,7622178.199,12497.68229
CTK,CertiK,809,12,823.0,0.0,1.616628906,96986072.4,21786112.14
MPH,88mph,4,1,6.0,86784.28133,28.45969435,11536830.06,279091.2209
LUNA,Terra,928,410,1374.0,0.0,70.57710324,26955630790.0,2614430348.0
BLOCK,Blocknet,285,234,550.0,0.0,1.141120746,9423079.419,181493.3386
ERG,Ergo,5,65,74.0,0.0,6.229412221,199418610.2,1976256.147
SPI,Shopping,185,116,310.0,92539.96166,26.91625135,24198849.47,568400.468
ALGO,Algorand,210,694,924.0,0.0,1.670978507,10538781496.0,308513692.4
TKING,Tiger King,59,1,63.0,0.0,3.23e-05,19450858.61,179371.4519
KEEP,Keep Network,2773,1895,4910.0,122617909.9,0.712568091,425016156.3,33231796.27
CTSI,Cartesi,9,13,23.0,168626903.4,0.781654559,380859800.9,57930045.84
BADGER,Badger DAO,14,12,26.0,5453373.0,15.03793685,167964631.3,12437959.41
VRA,Verasity,86,9,95.0,4535284.13,0.043011855,192270962.0,82582053.03
AR,Arweave,112,12,126.0,0.0,46.83939716,1564187663.0,39934184.4
COMP,Compound,56,31,92.0,1060814.936,225.0025173,1396214337.0,106506259.9
NU,NuCypher,16,5,21.0,173830863.8,0.790802552,549805474.5,85842748.55
MONA,Monavale,48,12,61.0,4225.056599,1370.836618,12444277.58,76564.00818
CELO,Celo,15,2,17.0,0.0,3.693028864,1356096799.0,47088138.82
TUBE,BitTube,22,5,28.0,0.0,0.003763021,1239116.205,649.2715086
AMB,Ambrosus,25,3,28.0,0.0,0.039026508,21010633.59,831131.6138
BAL,Balancer,2,2,6.0,4000317.17,16.01764014,111223786.2,32169688.91
NXM,NXM,1,1,2.0,29946.2,146.2839009,967160888.6,3435.687978
SRM,Serum,28,1,61.0,26104673.16,4.264294781,568139588.4,149894811.2
SWAP,TrustSwap,686,174,898.0,9641891.913,1.656101907,161039621.9,3443403.729
MTA,Meta,668,78,755.0,19135487.05,1.056873207,18322528.35,2122461.257
ONT,Ontology,4,2,9.0,0.0,0.802171787,702100474.3,156123060.7
WILD,Wilder World,257,173,436.0,8683558.013,4.909515031,361749269.7,20459729.5
FIO,FIO Protocol,4,1,5.0,0.0,0.178602321,66097350.44,12756014.53
DAM,Datamine,49,24,73.0,317909.4367,0.148751479,502899.3527,58565.33451
LOCK,Meridian Network,287,70,374.0,42593.6842,0.020095847,220003.3937,495.5414324
XPR,Proton,29,12,43.0,237906883.2,0.017899504,151072999.0,4335238.642
CREAM,Cream Finance,49,24,74.0,92013.33499,37.42161512,23065860.29,10632363.14
SAND,The Sandbox,596,98,723.0,438147903.6,5.260338772,4804607320.0,1191016556.0
GEAR,Bitgear,41,11,54.0,5394217.103,0.010999198,776505.726,30063.93172
GET,GET Protocol,11853,5014,17586.0,297364.5295,2.24715683,25591200.96,114691.2773
KSM,Kusama,21,9,30.0,0.0,307.4793119,2604379922.0,120273168.5
LAYER,UniLayer,236,140,384.0,5965932.866,0.435071815,10916265.53,2439878.988
RBC,Rubic,1,2,3.0,11645256.19,0.234259068,25534238.35,709907.4331
SCRT,Secret,179,75,271.0,0.0,4.900918876,734234734.1,8760940.506
VIDYA,Vidya,2,1,3.0,1749384.584,0.297656254,11855557.86,98661.84316
SUSHI,SushiSwap,105,22,135.0,84079233.24,5.950726186,757196838.9,266166691.3
TON,Tokamak Network,172,147,328.0,2485366.611,6.834200332,18639187.93,46473454.48
BOOST,Boosted Finance,81,21,110.0,18711.15342,3.806837073,227851.2252,23363.10896
RMRK,RMRK,47,9,56.0,0.0,47.1680261,448096247.9,20277190.58
PERP,Perpetual Protocol,23,3,27.0,6236035.804,11.05798053,759683262.7,28067425.79
TRADE,Unitrade,1220,526,1909.0,2544727.65,0.135049163,3843126.047,363231.6198
PICKLE,Pickle Finance,9,4,13.0,613794.0676,8.603749196,15863533.74,1964419.31
GHST,Aavegotchi,10,1,13.0,35508866.84,2.501486849,178183717.2,43286624.26
GRT,The Graph,42,52,98.0,537727682.8,0.758290446,3575896946.0,201639713.6
BEL,Bella Protocol,2,1,4.0,737595.5356,1.694560658,81338911.59,19282938.54
FLM,Flamingo,5,4,9.0,0.0,0.411430362,61714554.34,22005977.55
EWT,Energy Web Token,6,2,8.0,908436.2219,12.07185002,362905621.2,6399114.642
SAFE,yieldfarming.insure,3414,308,3862.0,14.3323015,391.6308,18320488.82,2795.269873
CRU,Crust,3,3,6.0,515997.0179,42.20797154,73660646.19,7410947.09
ETHM,Ethereum Meta,4,6,10.0,999078000000000.0,4.02e-06,201057.1646,259026.893
DOUGH,PieDAO DOUGH v2,14,13,27.0,13407773.6,0.630505162,9320534.388,150747.013
CRO,Crypto.com Coin,217,687,906.0,2785969418.0,0.616318769,15570069496.0,385152269.6
LSS,Lossless,39,6,45.0,5476957.917,0.739844699,26503213.94,2154272.681
BP,Beyond Protocol,5,1,10.0,526726393.7,12.31406549,91466144.75,3844594.234
BABY,BabySwap,878,290,1177.0,0.0,3.164750723,381384236.2,78132686.95
MC,Merit Circle,551,23,579.0,176489855.6,5.503037509,234385373.6,48112205.17
ALT,Alitas,138,204,361.0,0.0,8.312229471,498733768.2,2726890.502
REV,RChain,12,2,20.0,0.0,0.102904995,64646026.58,2420026.172
SOV,Sovryn,11,10,22.0,0.0,11.56108257,225384944.4,403327.7763
BZZ,Swarm,3,1,4.0,0.0,1.94142198,97429180.58,5784079.293
GENESIS,Genesis Worlds,229,9,241.0,0.0,0.319833052,3713819.579,2556.505412
DEHUB,DeHub,5,1,6.0,0.0,0.016288393,32288450.91,577535.8609
SAMO,Samoyedcoin,38,1,39.0,0.0,0.045175204,123280721.2,13065183.13
SAITO,Saito,8,2,10.0,544969096.2,0.05525566,58869852.96,4099737.662
LOTTO,Lotto,8,10,18.0,0.0,0.015811438,31622875.44,3899.815306
Ever,Everscale,3074,1017,4301.0,0.0,0.267931091,197024174.4,4226416.004
DPR,Deeper Network,1,2,3.0,55432339.87,0.133865935,138786260.5,2913973.747
