,Symbol,Market Cap,Price,Circulating Supply,Volume(24h),% 1h,% 24h,% 7d
0,BTC,892706160000.0,47255.66,18890988.0,62790500000.0,-0.0014,-0.17729999,-0.1428
1,ETH,468360500000.0,3949.01,118602060.0,41456636000.0,0.0027,-0.15010001,-0.0499
2,BNB,91421740000.0,548.09,166801150.0,4576646000.0,0.0021,-0.1238,-0.1013
3,USDT,74171900000.0,1.0,74157650000.0,144200090000.0,-1e-04,-0.00090000004,-0.0007
4,SOL,58794230000.0,192.36,305641200.0,6513757700.0,1e-04,-0.19549999,-0.0336
5,ADA,45549670000.0,1.37,33313247000.0,4269559600.0,0.0039,-0.17909999,-0.1296
6,USDC,39602717000.0,0.9994,39627160000.0,10280148000.0,-0.0008,-0.0013,-0.0005
7,XRP,36866610000.0,0.7803,47247294000.0,6487936000.0,-0.0005,-0.20809999,-0.1861
8,DOT,27873864000.0,28.22,987579300.0,2835308800.0,0.0013,-0.2323,-0.21120001
9,DOGE,21757061000.0,0.1643,132386144000.0,4097155300.0,0.020599999,-0.2234,-0.20799999
10,LUNA,21743874000.0,55.95,388663520.0,3829060400.0,0.0147,-0.18190001,0.269
11,AVAX,21450602000.0,88.39,242689040.0,2067153000.0,0.0067000003,-0.2169,-0.18969999
12,SHIB,19883635000.0,3.622e-05,549012650000000.0,3931099600.0,0.0099,-0.17979999,-0.0832
13,CRO,13915555000.0,0.5508,25263014000.0,668872800.0,-0.00029999999,-0.21200001,-0.30020002
14,BUSD,13732270000.0,0.9999,13733409000.0,11808995000.0,0.0004,0.0,-0.0015
15,MATIC,12954820000.0,1.84,7021683000.0,5355830000.0,-0.0029,-0.2076,0.089899994
16,WBTC,11968994000.0,47068.15,254291.0,679910300.0,-0.0056,-0.1667,-0.1337
17,LTC,10603271000.0,153.42,69113980.0,3578921700.0,0.0078,-0.2604,-0.2218
18,UNI,10395866000.0,16.56,627914940.0,781732030.0,-0.0073,-0.2458,-0.1715
19,ALGO,9692412000.0,1.54,6289524700.0,750555140.0,0.012200001,-0.1906,-0.09729999
20,LINK,9064990000.0,19.41,467009570.0,2290891000.0,0.0047999998,-0.24360001,-0.2133
21,BCH,8558464500.0,452.39,18918176.0,2223074000.0,-0.0022,-0.2016,-0.2005
22,TRX,8525336600.0,0.08366,101901400000.0,3026400300.0,0.0016,-0.17729999,-0.119399995
23,UST,7917918700.0,0.9993,7923750000.0,351363970.0,-0.0011,-0.0034999999,-0.0033000002
24,XLM,6848984600.0,0.2779,24646930000.0,1909623800.0,-0.0034999999,-0.23200001,-0.147
25,AXS,6744192500.0,110.73,60907500.0,941095230.0,0.0029,-0.2147,-0.1451
26,DAI,6459448300.0,0.9976,6474951700.0,1768705200.0,-0.00090000004,-0.0028,-0.0026
27,MANA,6156753000.0,3.37,1824604200.0,2735450400.0,0.026700001,-0.2181,-0.2807
28,FTT,6004293600.0,43.05,139460210.0,411280740.0,0.0021,-0.1349,-0.1176
29,VET,5864851500.0,0.09119,64315576000.0,945979200.0,0.0017,-0.2354,-0.22559999
30,ATOM,5770527000.0,25.57,225644690.0,2325603800.0,-0.0167,-0.1878,-0.0726
31,ICP,5566466600.0,30.32,183582660.0,552043600.0,0.0041,-0.2625,-0.30020002
32,EGLD,5541835300.0,279.57,19822736.0,531781820.0,-0.0013,-0.19680001,-0.3511
33,FIL,5130815000.0,39.0,131572740.0,2298606000.0,0.0023,-0.2675,-0.32
34,BTCB,4950425600.0,47095.46,105115.0,128085784.0,-0.0011999999,-0.1745,-0.1426
35,THETA,4795877400.0,4.8,1000000000.0,707562050.0,0.01,-0.2705,-0.2912
36,ETC,4785764400.0,36.42,131407790.0,1607439400.0,-0.0018000001,-0.2362,-0.2317
37,SAND,4755173000.0,5.21,913364600.0,3590016300.0,0.0002,-0.195,-0.2051
38,HBAR,4664595500.0,0.2578,18092792000.0,171429010.0,-0.013099999,-0.2409,-0.24110001
39,NEAR,4370539000.0,7.68,569451100.0,691309600.0,-0.0070999996,-0.14130001,-0.0908
40,FTM,3952295000.0,1.55,2545006300.0,1082967800.0,0.0145000005,-0.2787,-0.28219998
41,XMR,3591296800.0,199.07,18040434.0,312475740.0,0.0052,-0.18,-0.1302
42,XTZ,3510219300.0,4.04,869340350.0,438074240.0,-0.0109,-0.2391,-0.1466
43,GRT,3276208400.0,0.6947,4715735000.0,329444350.0,-0.0069999998,-0.2439,-0.333
44,MIOTA,3222939000.0,1.16,2779530200.0,180770220.0,-0.0017,-0.213,-0.1741
45,KLAY,3153472000.0,1.24,2550597000.0,129893700.0,0.0046,-0.21149999,-0.1125
46,LEO,3071765000.0,3.22,953954100.0,4894634.0,-0.0038,-0.08229999,0.027999999
47,HNT,3061895200.0,29.61,103392630.0,64540410.0,0.0076,-0.2354,-0.2802
48,GALA,3051575000.0,0.4374,6977205000.0,1557554000.0,0.006,-0.2163,-0.35959998
49,FLOW,2964656600.0,9.43,314343140.0,251599540.0,-0.0047,-0.2283,-0.2227
50,EOS,2919592000.0,3.0,972955800.0,1784974000.0,-0.0046,-0.2642,-0.2375
51,CAKE,2760483600.0,11.19,246688200.0,338070880.0,-0.0014,-0.15630001,-0.176
52,STX,2691610000.0,2.09,1287018200.0,327003140.0,-0.0044,-0.2051,0.092
53,LRC,2648574500.0,1.99,1328333700.0,734578300.0,0.010299999,-0.2353,-0.3453
54,AAVE,2560472000.0,191.09,13399458.0,588431300.0,0.0044,-0.2223,-0.2042
55,KSM,2478335700.0,292.6,8470098.0,229206690.0,0.004,-0.2041,-0.127
56,MKR,2460536600.0,2487.94,988985.0,212054750.0,-0.0016,-0.1597,-0.21100001
57,BTT,2432740400.0,0.002457,990000000000.0,1030657600.0,-0.0013,-0.22670001,-0.2323
58,BSV,2324715800.0,122.91,18914576.0,649828800.0,0.0554,-0.17870001,-0.1667
59,ZEC,2277916700.0,172.21,13227775.0,870821800.0,-0.0032,-0.2732,-0.3444
60,ENJ,2197392000.0,2.62,838603700.0,624583740.0,0.0092,-0.2319,-0.3066
61,XEC,2171266600.0,0.0001148,18914168000000.0,151982380.0,-0.0038,-0.2207,-0.2466
62,ONE,2145644800.0,0.1873,11454339000.0,262693730.0,-0.0014,-0.26860002,-0.3125
63,AMP,2117856400.0,0.05015,42227704000.0,60711750.0,-0.0247,-0.141,-0.1496
64,RUNE,2065274200.0,8.0,258210200.0,163181250.0,-0.0046,-0.2504,-0.3291
65,KDA,2044677800.0,12.72,160800560.0,95385630.0,0.024300002,-0.2152,-0.27969998
66,NEO,1989704800.0,28.21,70538830.0,422300770.0,0.0123000005,-0.2575,-0.266
67,QNT,1978713200.0,163.9,12072738.0,85582940.0,-0.0057,-0.16319999,-0.23719999
68,CHZ,1872833500.0,0.3146,5952921000.0,648531200.0,0.0,-0.2591,-0.3116
69,WAVES,1834163200.0,17.16,106866850.0,184079950.0,0.010299999,-0.19489999,-0.1384
70,KCS,1753110100.0,21.88,80118640.0,88707980.0,-0.0026,-0.1598,-0.0775
71,BAT,1550773800.0,1.04,1492976100.0,597346750.0,-0.0016,-0.25620002,-0.3713
72,AR,1538050600.0,46.06,33394700.0,100867110.0,-0.0021,-0.2039,-0.239
73,HOT,1540527900.0,0.008903,173037110000.0,291572380.0,-0.0008,-0.2471,-0.2868
74,CRV,1535534300.0,3.53,435179400.0,753125800.0,0.0039,-0.2377,-0.29770002
75,OKB,1421736800.0,23.7,60000000.0,909537800.0,-0.0041,-0.1729,0.0073
76,DASH,1412312700.0,134.97,10463566.0,505782240.0,0.0015,-0.2504,-0.2777
77,CELO,1393061400.0,3.79,367204480.0,112888120.0,-0.0036000002,-0.2555,-0.2321
78,HT,1373316000.0,8.62,159308560.0,192972880.0,-0.0043,-0.1189,-0.113199994
79,COMP,1352284200.0,218.26,6195782.0,213417220.0,0.0086,-0.204,-0.2021
80,TFUEL,1333501700.0,0.2515,5301214000.0,147344500.0,-0.0108,-0.2077,-0.1891
81,NEXO,1261781000.0,2.25,560000000.0,21275524.0,-0.004,-0.2036,-0.1019
82,TUSD,1247256400.0,0.9986,1249019800.0,244602290.0,-1e-04,-0.0017,-0.0019
83,DCR,1200164500.0,88.53,13556163.0,13821009.0,-0.0004,-0.1881,-0.1084
84,XEM,1156054500.0,0.1285,9000000000.0,138771760.0,-0.0046,-0.2485,-0.22600001
85,MINA,1144996900.0,3.68,311371840.0,95228530.0,-0.0004,-0.1699,-0.25959998
86,IOTX,1138684200.0,0.1193,9540779000.0,121529930.0,0.0054,-0.2376,-0.26639998
87,VGX,1088346200.0,3.91,278482200.0,29925212.0,0.0147,-0.1337,-0.012999999
88,QTUM,1050009700.0,10.62,98911820.0,619398200.0,-0.0034,-0.2852,-0.282
89,1INCH,1008667900.0,2.52,400284400.0,396393200.0,0.0043,-0.2785,-0.33020002
90,IMX,970105860.0,5.16,188160770.0,104998710.0,-0.0381,-0.2538,-0.35919997
91,USDP,944191170.0,0.9985,945642940.0,29043878.0,-0.00090000004,-0.00090000004,-0.0017
92,ROSE,922653950.0,0.2641,3493014300.0,200295820.0,0.0161,-0.2143,-0.17909999
93,XDC,914710800.0,0.07434,12305013000.0,10800032.0,-0.007900001,-0.176,-0.21139999
94,AUDIO,909285950.0,1.78,509912300.0,66680860.0,0.0037,-0.2306,-0.2892
95,CEL,894498200.0,3.74,238863520.0,13465766.0,-0.0037,-0.0619,-0.0571
96,ZEN,894310100.0,75.74,11808069.0,153089680.0,-0.0069999998,-0.2683,-0.3156
97,RVN,887890100.0,0.08681,10227420000.0,132114216.0,0.0188,-0.2299,-0.2083
98,OMG,864386240.0,6.16,140245390.0,1023824450.0,0.0036000002,-0.25120002,-0.246
99,REV,864317000.0,0.01016,85061485000.0,2265190.0,-0.0023999999,-0.0785,-0.1491
100,WAXP,863127500.0,0.4649,1856595300.0,149001620.0,0.0101,-0.2576,-0.33020002
101,ANKR,855994560.0,0.1049,8162899500.0,283627620.0,0.005,-0.2651,-0.41759998
102,YFI,853475500.0,23294.99,36638.0,280459900.0,0.002,-0.2061,-0.213
103,ICX,845125900.0,1.25,677302800.0,144166800.0,0.0055,-0.2883,-0.3078
104,NFT,836238340.0,3.018e-06,277080570000000.0,309217540.0,-0.0044,-0.2315,-0.28190002
105,SC,820327940.0,0.01659,49460425000.0,166720860.0,0.0032,-0.2864,-0.374
106,ZIL,819211600.0,0.06778,12086207000.0,168154480.0,0.0029,-0.23889999,-0.2016
107,LPT,809631400.0,38.25,21164656.0,88887220.0,0.0036000002,-0.283,-0.4075
108,BNT,786692860.0,3.34,235284530.0,102441540.0,-0.0066000004,-0.18280001,-0.1557
109,BORA,761732160.0,0.8844,861250000.0,352038460.0,-0.0044,-0.2173,-0.3043
110,PERP,753497000.0,10.97,68700000.0,44209530.0,-0.0086,-0.16219999,-0.095699996
111,BTG,734083260.0,41.91,17513924.0,31386532.0,0.0047999998,-0.2409,-0.2399
112,ZRX,725844860.0,0.8585,845496060.0,128730360.0,-0.0011,-0.23200001,-0.2868
113,RENBTC,724075460.0,47038.8,15393.0,36250140.0,-0.0058999998,-0.16690001,-0.1355
114,SUSHI,720715700.0,5.66,127244440.0,564399600.0,-0.0114,-0.2358,-0.22569999
115,RAY,700612000.0,9.08,77181600.0,199630940.0,0.0082,-0.1927,-0.082200006
116,SCRT,699983500.0,4.67,149815730.0,15972332.0,-0.0088,-0.2354,-0.2718
117,REN,699743100.0,0.7013,997764030.0,112119320.0,-0.0038,-0.2244,-0.2709
118,ELON,693087100.0,1.251e-06,554146140000000.0,47807664.0,-0.0028,-0.16620001,-0.0498
119,CKB,691466000.0,0.02395,28873873000.0,52084224.0,0.0154,-0.21120001,-0.2387
120,HIVE,689940000.0,1.82,378614600.0,511169120.0,0.0042,-0.1714,-0.21260001
121,VLX,673773760.0,0.3172,2124380700.0,11956031.0,-0.0007,-0.13270001,-0.2006
122,SNX,666616400.0,5.8,114841540.0,173570610.0,-0.0082,-0.24450001,-0.2578
123,UMA,663999300.0,10.29,64513948.0,65549736.0,-0.024600001,-0.19639999,-0.23120001
124,TEL,659701400.0,0.01147,57502110000.0,18399616.0,-0.0011999999,-0.1778,-0.2206
125,ONT,645670900.0,0.7377,875249540.0,362416860.0,0.0014,-0.31530002,-0.3028
126,CHSB,641823200.0,0.6418,1000000000.0,4821382.0,0.0056,-0.1568,-0.055999998
127,SKL,618896200.0,0.2343,2641203200.0,120110000.0,0.0127,-0.3018,-0.3561
128,DYDX,615120800.0,9.38,65569296.0,491332740.0,-0.0004,-0.3027,-0.2929
129,GNO,592752000.0,393.96,1504587.0,10438033.0,-0.013300001,-0.1712,-0.0365
130,OCEAN,589823900.0,0.962,613099140.0,212718290.0,0.0053,-0.2785,-0.1873
131,STORJ,587530430.0,1.67,351532260.0,223952580.0,0.0115,-0.2856,-0.45049998
132,MOVR,582150800.0,235.54,2471603.0,46325508.0,-0.0186,-0.2068,-0.2935
133,SRM,556752100.0,4.18,133231784.0,187083020.0,-0.0008,-0.2482,-0.2051
134,IOST,554736700.0,0.03065,18099720000.0,298528670.0,-0.0043,-0.2382,-0.2001
135,DGB,553419900.0,0.03715,14896535000.0,57944904.0,0.0056,-0.2711,-0.213
136,KAVA,552423200.0,3.87,142804640.0,97925630.0,0.0052,-0.2469,-0.2385
137,USDN,550923400.0,0.9828,560546750.0,32395162.0,0.0018000001,-0.0034,-0.0082
138,XNO,551634300.0,4.14,133248296.0,35646910.0,0.0002,-0.16690001,-0.1768
139,WIN,536091070.0,0.0005574,961737300000.0,434155800.0,-0.0031,-0.19370002,-0.20809999
140,NU,534353060.0,0.7686,695250000.0,248236020.0,-0.0073,-0.1475,-0.22760001
141,XYO,530567000.0,0.04131,12844822000.0,28413572.0,0.0177,-0.17729999,-0.2065
142,POLY,495620350.0,0.5516,898550850.0,56595750.0,0.008,-0.2464,-0.3664
143,REQ,494785800.0,0.4948,999877100.0,126423340.0,0.0064999997,-0.1472,-0.3082
144,GT,484089630.0,6.22,77808000.0,16767260.0,0.0177,-0.1224,-0.014099999
145,XDB,483638200.0,0.553,874608060.0,4302320.0,0.0235,-0.1778,-0.17989999
146,CSPR,478805860.0,0.1734,2761447700.0,117750770.0,-0.0047,-0.1692,-0.0762
147,GLM,479778300.0,0.4798,1000000000.0,37374050.0,-0.0139,-0.2736,-0.3771
148,TRAC,479226430.0,1.32,363853920.0,13950866.0,-0.0309,-0.1973,-0.16610001
149,FET,477761340.0,0.6403,746113660.0,113916730.0,-0.0011,-0.1735,-0.1974
150,CELR,465770100.0,0.07665,6076712000.0,182647840.0,-0.01,-0.3003,-0.3371
151,CEEK,462831870.0,0.6257,739647740.0,49506616.0,0.0029,-0.2723,-0.29930001
152,WOO,461088770.0,0.8047,573021950.0,44154624.0,-0.0186,-0.2202,-0.16780001
153,RSR,456131300.0,0.03466,13159997000.0,192744320.0,-0.0013,-0.2958,-0.0162
154,INJ,455873950.0,10.44,43655550.0,48066296.0,-0.0045,-0.19450001,-0.192
155,ALICE,441230620.0,14.42,30600000.0,446043870.0,0.0008,-0.31260002,-0.28
156,JST,440676960.0,0.06036,7300425000.0,449914900.0,0.0014,-0.2059,-0.1908
157,FEI,423569470.0,0.9966,424996200.0,288438240.0,0.0,-0.00029999999,-0.0016
158,MDX,420562700.0,0.5301,793390100.0,36569656.0,0.0089,-0.2606,-0.21450001
159,UOS,394729470.0,1.4,282785200.0,23364586.0,-0.0063,-0.22459999,-0.3966
160,CTSI,390280200.0,0.8016,486906020.0,158820700.0,0.0022,-0.2768,-0.23120001
161,SYS,386978560.0,0.6206,623598500.0,37763736.0,-0.0216,-0.2164,0.0494
162,DENT,385106530.0,0.00389,99007790000.0,160755620.0,0.0054,-0.24299999,-0.23040001
163,WRX,377854050.0,1.16,325056860.0,183327120.0,0.005,-0.1943,-0.0346
164,LSK,357987230.0,2.78,128900450.0,27905656.0,0.0023,-0.2194,-0.2877
165,EWT,355295330.0,11.82,30062138.0,18203778.0,-0.0049,-0.2014,0.2236
166,CHR,351726600.0,0.6199,567369400.0,213383400.0,-0.0058999998,-0.3038,-0.3946
167,FX,346841400.0,0.849,408520350.0,7088112.0,-0.0023,-0.2037,-0.1029
168,ALPHA,344179680.0,0.7711,446330100.0,89503420.0,0.0047999998,-0.2078,-0.1878
169,PAXG,319765000.0,1784.99,179141.0,55093264.0,0.0011,0.0049,-0.006
170,HUSD,316446240.0,0.9984,316946000.0,267895890.0,-0.0005,-0.0026,-0.0022
171,FLUX,312645820.0,1.42,220737180.0,13969794.0,0.0054,-0.216,-0.266
172,UBT,312983650.0,2.09,150000000.0,4876819.0,0.0058999998,-0.17799999,0.1378
173,SXP,310489800.0,1.61,192768780.0,292900740.0,-0.0032,-0.3109,-0.3084
174,VTHO,305329400.0,0.007108,42953790000.0,42649296.0,0.026600001,-0.1514,-0.1683
175,XVG,302450560.0,0.01834,16487887000.0,27973454.0,-0.004,-0.2656,-0.246
176,DVI,302621950.0,1.08,279496300.0,16124927.0,0.0028,-0.2782,-0.4026
177,MED,298051680.0,0.05538,5382401000.0,53963932.0,-0.0143,-0.2914,-0.3362
178,COTI,297400770.0,0.3424,868672100.0,133739700.0,-0.0029,-0.2709,-0.14729999
179,REEF,296200580.0,0.01838,16112552000.0,85782300.0,-1e-04,-0.2566,-0.25190002
180,RLC,291148740.0,3.64,80070790.0,184549220.0,0.009,-0.3082,-0.1745
181,OGN,290389340.0,0.7473,388570720.0,112475900.0,-0.0089,-0.2858,-0.2947
182,DIVI,289551230.0,0.1102,2628063500.0,2102139.0,-0.0034,-0.26,0.3133
183,NKN,278748900.0,0.3982,700000000.0,56080456.0,1e-04,-0.2307,-0.30879998
184,OXT,275618140.0,0.399,690690100.0,69674210.0,-0.0026,-0.2327,-0.2485
185,BTCST,272386460.0,23.85,11421013.0,25195968.0,-0.0058,-0.23979999,-0.2533
186,BCD,269948220.0,1.45,186492900.0,6087692.0,-0.01,-0.1863,-0.1718
187,POLS,269641380.0,3.3,81701330.0,43242410.0,0.0111,-0.16290002,-0.1457
188,CFX,266664900.0,0.2312,1153469700.0,41250704.0,-0.005,-0.2769,-0.21129999
189,SUN,263748910.0,0.02508,10514908000.0,177291970.0,0.0045,-0.2038,-0.1597
190,ARDR,261449000.0,0.2617,998999500.0,24982720.0,-0.0053,-0.277,-0.2629
191,SNT,259306820.0,0.07472,3470483700.0,43433330.0,-0.0064,-0.241,-0.24530001
192,MX,250994540.0,2.51,100000000.0,53502396.0,0.0075,-0.2609,-0.1558
193,BAKE,249828160.0,1.29,193529490.0,108019540.0,0.0049,-0.2747,-0.2714
194,CVC,247452700.0,0.3693,670000000.0,126172120.0,-0.0018000001,-0.29209998,-0.3766
195,SOUL,246175020.0,2.39,103033490.0,16097349.0,0.0085,-0.3014,-0.1973
196,STMX,238046050.0,0.0238,10000000000.0,57348356.0,-0.0027,-0.2913,-0.2588
197,MCO,237479280.0,15.04,15793831.0,1004149.0,0.0034999999,-0.1895,-0.0271
198,ONG,227561810.0,0.8522,267036600.0,24179096.0,-0.0046,-0.2535,-0.2455
199,AMPL,219910560.0,0.8819,249347740.0,14310476.0,0.0023,-0.3181,-0.21959999
200,HEX,29047804000.0,0.1675,173411070000.0,15941350.0,0.0126,-0.0881,-0.113000005
201,STETH,5986525000.0,3908.56,1531643.0,9298991.0,-0.00090000004,-0.1507,-0.048600003
202,WBNB,3020211700.0,545.15,5540158.0,2221290000.0,-0.0004,-0.131,-0.104899995
203,HBTC,1875509800.0,47024.02,39884.0,27265396.0,-0.0076,-0.18110001,-0.1439
204,YOUC,1673684900.0,0.2455,6816934400.0,583397.0,-0.0018000001,-0.0521,0.2317
205,XYM,1517738900.0,0.2719,5582460000.0,18169032.0,0.025,-0.1784,-0.2459
206,LN,1323419300.0,221.46,5975799.0,19527184.0,0.0234,-0.21069999,-0.1505
207,DFI,1268698100.0,4.22,300511840.0,15813295.0,0.0014,-0.1145,0.45119998
208,FRAX,1260709100.0,1.0,1259074700.0,50293950.0,-0.00090000004,0.00090000004,0.0022
209,WEMIX,1257214000.0,10.2,123233680.0,258879340.0,-0.0653,-0.2058,-0.33740002
210,SAFEMOON,1210753500.0,2.068e-06,585536400000000.0,8379138.0,0.0057,-0.1279,-0.343
211,CTC,1145954700.0,2.03,564970560.0,2975892.0,0.0002,-0.18059999,-0.112399995
212,BIT,1069004200.0,1.82,586278900.0,140637570.0,-0.0032,-0.2082,-0.22530001
213,SOLO,1014657000.0,5.07,200001810.0,6080289.0,0.0106,-0.1912,0.4672
214,vBNB,976133570.0,11.58,84327096.0,,0.0016,-0.1247,-0.1066
215,ENS,926508860.0,45.77,20244862.0,320370600.0,-0.0112,-0.2343,-0.42159998
216,RLY,924813400.0,0.4408,2098052600.0,13350073.0,-0.0034,-0.1522,-0.1345
217,CCXX,915118460.0,51.24,17861152.0,1767039.0,-0.0007,-0.0696,-0.0402
218,MOB,894990300.0,12.06,74218320.0,7196739.0,-0.0061000003,-0.175,-0.1703
219,NXM,865854800.0,130.98,6610386.0,20207.0,0.00029999999,-0.1478,-0.0511
220,ILV,839471600.0,1305.92,642819.0,132330050.0,-0.0066000004,-0.2165,-0.1603
221,OMI,833086600.0,0.00501,166285820000.0,16456835.0,0.0188,-0.2403,-0.13319999
222,RACA,829777860.0,0.004563,181850770000.0,212492580.0,0.0148,-0.1354,-0.18049999
223,RNDR,828807550.0,4.53,183095940.0,80850510.0,0.0176,-0.207,-0.37240002
224,CVX,771177900.0,19.51,39534624.0,22997084.0,-0.013099999,-0.2339,-0.22670001
225,LUSD,717701760.0,0.9976,719446100.0,43191590.0,-0.0011,-0.0034999999,-0.0029
226,BLOK,711865540.0,0.08537,8338704400.0,81066440.0,-0.047199998,-0.2491,-0.3468
227,TTT,660213000.0,6.3,104789400.0,295870.0,0.0054,-0.1441,-0.2842
228,JASMY,626669000.0,0.1318,4754930700.0,110310270.0,0.0336,-0.229,-0.2609
229,XWC,625331700.0,0.8403,744201300.0,14865558.0,-0.003,-0.0682,-0.0654
230,ANC,619335700.0,3.44,180089010.0,46090490.0,-0.0042,-0.17,0.064899996
231,MBOX,610742300.0,7.65,79853070.0,389533400.0,0.00090000004,-0.2159,0.1912
232,UFO,604955900.0,2.349e-05,25757575000000.0,28188352.0,-0.099,-0.36810002,-0.5376
233,YOOSHI,604507200.0,1.608e-06,375874730000000.0,10672272.0,-0.0148,-0.17899999,-0.0721
234,SUPER,545738200.0,1.36,401410900.0,62565384.0,0.0008,-0.2531,-0.2241
235,GTN,533215460.0,2.15,247499420.0,832587.0,0.0039,0.0031,0.2514
236,PYR,518947360.0,27.32,18997700.0,88468550.0,0.074200004,-0.2889,-0.22870001
237,ALT,510884580.0,8.51,60000000.0,4301244.0,-0.049000002,-0.205,-0.24780001
238,KOK,489298180.0,4.56,107333420.0,14915777.0,-0.0098,-0.0673,0.2906
239,RMRK,477514500.0,50.26,9500000.0,53889450.0,0.0962,-0.1891,0.48689997
240,TRIBE,452137150.0,0.9971,453448600.0,37633440.0,0.0025,-0.121400006,-0.0087
241,RPL,435074020.0,42.32,10279742.0,9653689.0,-0.0007,-0.1663,-0.081599995
242,KEEP,426815700.0,0.7157,596334700.0,118891660.0,0.0147,-0.1697,-0.1834
243,HDAO,418455170.0,0.1405,2979136300.0,9126760.0,-0.0537,-0.0344,0.0239
244,C98,413999140.0,2.24,185000000.0,92882670.0,0.002,-0.2846,-0.2616
245,YGG,417577200.0,6.05,69075040.0,139976210.0,0.0037,-0.2615,-0.1664
246,PLA,408199870.0,1.69,241594270.0,276476540.0,-0.00059999997,-0.2604,-0.2926
247,STARL,403849120.0,4.047e-05,9979172000000.0,69151530.0,-0.0056,-0.2521,-0.39259997
248,HEDG,396104960.0,1.14,348731460.0,2803985.0,-0.0558,-0.428,0.5702
249,BTRST,392279700.0,4.68,83765180.0,2419077.0,0.0616,-0.0467,-0.0382
250,XPRT,390737280.0,6.42,60822816.0,3638552.0,-0.0218,-0.15560001,-0.16129999
251,ORC,390277100.0,0.6818,572402200.0,17098520.0,-0.0113,-0.213,-0.001
252,BEST,357169860.0,0.9892,361063680.0,516927.0,0.003,-0.0705,-0.0727
253,DAO,357879200.0,5.67,63158944.0,14841802.0,0.019299999,-0.073699996,0.1547
254,FIDA,333324700.0,7.43,44832824.0,10028277.0,-0.0031,-0.1958,-0.0436
255,ANY,316491650.0,16.98,18639320.0,117232456.0,-0.0813,0.013200001,0.1758
256,MASK,315293250.0,10.82,29130724.0,210015680.0,0.0068,-0.2694,-0.42790002
257,WILD,307783700.0,4.18,73683300.0,30222114.0,-0.0212,-0.2834,-0.4085
258,LAT,304972800.0,0.135,2259691000.0,28947056.0,0.0026,-0.26389998,-0.338
259,MC,301415230.0,7.08,42592000.0,71295816.0,-0.006,-0.2852,-0.21149999
260,HTR,293869660.0,1.32,221806140.0,20208180.0,-0.012200001,-0.255,-0.1096
261,ATLAS,290690880.0,0.1346,2160000000.0,77023090.0,-0.006,-0.2035,-0.3092
262,JOE,290713700.0,2.22,131117570.0,36587856.0,-0.0019,-0.24180001,-0.24270001
263,TWT,289188450.0,0.8335,346951200.0,69373440.0,0.013200001,-0.22540002,-0.22670001
264,PUNDIX,273173860.0,1.06,258491630.0,40931496.0,0.0023999999,-0.24159999,-0.24440001
265,DAR,273711870.0,2.22,123200000.0,117024480.0,-0.0073,-0.2675,-0.3075
266,KAI,270840030.0,0.08921,3036000000.0,5800449.0,0.0023,-0.17819999,-0.28350002
267,MNGO,270487170.0,0.2705,1000000000.0,2618506.0,-0.00059999997,-0.1354,-0.0736
268,SFUND,265392620.0,12.37,21450140.0,10555742.0,-0.0062,-0.15010001,-0.1719
269,ARRR,263692600.0,1.4,188626290.0,1002152.0,-0.0045,-0.1767,-0.2233
270,XCH,258757120.0,105.01,2464133.0,35908040.0,0.0011999999,-0.16549999,-0.2228
271,FXS,257046140.0,15.86,16209405.0,13782224.0,-0.0028,-0.1035,-0.1058
272,CENNZ,254733820.0,0.2123,1200000000.0,4605716.0,0.015700001,-0.21059999,-0.1271
273,VXV,249835440.0,6.45,38721430.0,3005823.0,0.0496,-0.1685,-0.2215
274,EXRD,249976130.0,0.3402,734834600.0,11180980.0,0.011,-0.23120001,-0.1438
275,ALCX,249488620.0,284.94,875597.0,12887724.0,0.0073,-0.1506,-0.1146
276,BFC,246678620.0,0.2338,1055233340.0,61106628.0,0.0047999998,-0.33560002,-0.5084
277,KNC,246486750.0,1.39,177809340.0,73051280.0,0.0107,-0.26860002,-0.3486
278,TLM,245332770.0,0.2684,914030400.0,371339300.0,-0.0074,-0.29799998,-0.3109
279,DVF,243677340.0,10.09,24147148.0,1546702.0,-0.002,-0.0339,-0.36180001
280,ACH,243104430.0,0.06964,3490875100.0,109501220.0,0.0014,-0.16149999,-0.1719
281,RGT,241460080.0,21.45,11255482.0,8216450.0,-0.00029999999,-0.16379999,-0.1401
282,BETA,233475940.0,0.9126,255833330.0,54658844.0,-0.0057,-0.2587,-0.2672
283,SURE,230535550.0,0.008605,26790064000.0,1647916.0,-0.025799999,-0.1014,0.1014
284,TLOS,228109420.0,0.8445,270123460.0,4704022.0,1e-04,-0.15359999,-0.2365
285,RAD,224815570.0,10.57,21273976.0,45141956.0,0.0117999995,-0.18620001,-0.3362
286,HUM,225875100.0,0.3771,598909630.0,124433180.0,0.020399999,-0.19129999,-0.2023
287,NMR,219901950.0,37.34,5888504.0,27989820.0,0.0191,-0.1399,-0.072399996
288,AMPL,219871150.0,0.8818,249347740.0,14308549.0,-0.0002,-0.3177,-0.2198
289,XVS,218198400.0,18.83,11584913.0,47604890.0,-0.028099999,-0.18020001,-0.1488
290,SAPP,217469740.0,0.4045,537572900.0,582442.0,-0.0034999999,-0.17639999,-0.122600004
291,ASD,216847680.0,0.3283,660615300.0,2042318.0,-0.0033000002,-0.19629999,-0.22399999
292,WNCG,214909040.0,1.79,119794310.0,21111028.0,-0.026199998,-0.3507,-0.3168
293,LYXe,214835490.0,14.28,15045916.0,5254373.0,-0.020299999,-0.1943,-0.33310002
294,ELF,212871860.0,0.391,544480200.0,75706936.0,-0.0019,-0.2989,-0.2805
295,SOV,212014320.0,10.91,19436268.0,955779.0,0.0113,-0.23629999,-0.2483
296,TOMO,212011000.0,2.44,86976020.0,38135252.0,0.0039,-0.2181,-0.22719999
297,AKT,210467330.0,1.85,113861304.0,4217787.0,-0.0078,-0.18030001,-0.1859
298,PROM,209985730.0,12.77,16450000.0,24252288.0,0.0011,-0.2696,-0.21090001
299,HXRO,209780540.0,0.5366,390908450.0,949523.0,-0.0023,-0.075,0.1725
300,EFI,209176580.0,1.23,169857490.0,24549360.0,0.0027,-0.24200001,-0.39270002
301,BAND,208720140.0,5.93,35191820.0,101731470.0,0.0046,-0.27719998,-0.35599998
302,POWR,208339330.0,0.4498,463136100.0,57196404.0,-0.0119,-0.2547,-0.3195
303,GXC,207268780.0,2.76,75000000.0,509472800.0,0.0150999995,-0.4106,3.7169
304,ORN,205093780.0,6.37,32195000.0,17613790.0,-0.0022,-0.1906,-0.1657
305,RFOX,204573950.0,0.1559,1312000800.0,15004806.0,-0.0248,-0.3107,-0.52459997
306,DAG,204511440.0,0.1614,1266911900.0,3171154.0,0.0034999999,-0.1594,-0.122
307,BABY,204379330.0,1.73,118287440.0,31603408.0,0.0058,-0.1182,0.4363
308,ETN,199859040.0,0.01116,17907976000.0,1367499.0,-0.0113,-0.153,-0.222
309,ORBS,198936370.0,0.08921,2229950500.0,21381488.0,-0.01,-0.24379998,-0.2579
310,vBTC,196104540.0,952.72,205836.0,,-0.0063,-0.1722,-0.1416
311,SFP,196103650.0,1.81,108166664.0,147373570.0,0.0077,-0.23030001,-0.17860001
312,ABBC,195194720.0,0.2122,919839900.0,63234870.0,-0.0044,-0.125,-0.1883
313,STRAX,192911060.0,1.47,131451990.0,22513736.0,-0.0011999999,-0.28190002,-0.2735
314,ERG,192421630.0,6.01,32012428.0,5074666.0,0.001,-0.16239999,-0.155
315,GAFI,192318750.0,192.69,998099.0,5817205.0,-0.0135,-0.0325,-0.3102
316,ARK,188635230.0,1.41,133544920.0,25328778.0,-0.0097,-0.28079998,-0.33009997
317,GHST,188085840.0,2.57,73130056.0,90659010.0,-0.0014,-0.085,-0.103199996
318,XAUT,187731890.0,1778.62,105549.0,4613671.0,-0.003,-0.0058999998,-0.0104
319,STEEM,187182700.0,0.4739,394951700.0,67197810.0,0.0014,-0.2518,-0.32799998
320,SSX,186429870.0,0.07358,2533621800.0,78178184.0,-0.0002,-0.25059998,-0.31280002
321,REP,186488290.0,16.95,11000000.0,32767624.0,-0.0058,-0.2323,-0.2236
322,MAID,184789330.0,0.4083,452552420.0,815180.0,-0.0028,-0.2,-0.1512
323,DAWN,182966860.0,2.56,71558060.0,24652816.0,1e-04,-0.1847,-0.1902
324,C20,181760160.0,4.55,39985668.0,8384.0,-0.001,-0.1427,-0.0695
325,BNX,180303780.0,89.13,2022898.0,63147130.0,0.010199999,-0.2078,-0.42720002
326,TRU,180359220.0,0.3285,548956200.0,22552232.0,0.0068,-0.303,-0.29729998
327,EVER,179809300.0,0.2445,735353900.0,2815321.0,-0.0215,-0.067,-0.0574
328,MIR,177912690.0,2.29,77742680.0,66578980.0,-0.0008,-0.1656,-0.15640001
329,DERC,175897840.0,4.77,36900000.0,12583683.0,0.0125,-0.21260001,-0.3346
330,VRA,174720670.0,0.03909,4470185500.0,93105300.0,-0.0167,-0.2814,-0.35599998
331,EPS,173960860.0,0.3501,496819680.0,46812524.0,-0.00090000004,-0.2384,-0.2583
332,AGIX,173661840.0,0.1988,873749700.0,7169837.0,-0.0335,-0.2013,-0.0842
333,MVL,173401650.0,0.01303,13304673000.0,17390070.0,0.0,-0.2342,-0.23969999
334,POLIS,172086500.0,7.97,21600000.0,47587332.0,-0.0023,-0.2898,-0.0785
335,BLCT,171671380.0,4.52,38000000.0,76207.0,-0.0023,-0.0058,-0.0088
336,CFG,170567460.0,1.27,134371920.0,1617450.0,-0.0097,-0.1095,-0.15529999
337,BADGER,170399330.0,15.26,11169393.0,30922716.0,-0.0066000004,-0.2566,-0.4096
338,GTC,165557870.0,11.66,14198202.0,69153780.0,0.0031,-0.21370001,-0.5073
339,QRDO,165469260.0,4.99,33159932.0,42131424.0,-0.0014,-0.2863,-0.22
340,ZNN,164950340.0,26.06,6330750.0,999830.0,-0.0034,-0.21030001,-0.22559999
341,HNS,164830200.0,0.3705,444854100.0,1767369.0,-0.0254,-0.21700001,-0.048499998
342,UQC,164062380.0,16.41,10000000.0,6606278.0,0.00090000004,-0.1468,-0.1376
343,FUN,163227870.0,0.01485,10994873000.0,15381798.0,-0.0042,-0.2074,-0.2544
344,XSGD,163077970.0,0.7301,223367380.0,6562393.0,0.0008,-0.0050999997,-0.0007
345,SWAP,162636770.0,1.67,97240170.0,4312526.0,0.0026,-0.186,-0.096
346,BSCPAD,162670180.0,2.05,79211624.0,8544926.0,-0.007900001,-0.074200004,0.0117999995
347,RIF,162544140.0,0.204,796820030.0,6464021.0,-0.0198,-0.2083,-0.1702
348,MOF,162286320.0,1.86,87224000.0,57950.0,0.0054,-0.18280001,-0.1554
349,vETH,161968590.0,79.63,2033994.0,,0.00029999999,-0.1488,-0.0521
350,TVK,161609570.0,0.2657,608331970.0,38777504.0,-0.0023999999,-0.2838,-0.3836
351,NOIA,161200000.0,0.3213,501681700.0,2648627.0,-0.001,-0.1097,-0.0872
352,QKC,161205890.0,0.02519,6399906300.0,51105204.0,0.0094,-0.2342,-0.26549998
353,DERO,161253060.0,14.61,11035506.0,1307216.0,-0.0145000005,-0.1849,-0.2516
354,SLIM,160656380.0,2.92,55000000.0,5928912.0,-0.0039,-0.19549999,0.1204
355,KP3R,159826430.0,799.13,200001.0,29272860.0,-0.0057,-0.2234,-0.2518
356,SNL,159317900.0,0.2348,678663000.0,673997.0,-0.0015,-0.15560001,-0.059499998
357,IDEX,159208400.0,0.2643,602304700.0,51003450.0,-0.0069999998,-0.2455,-0.2787
358,LINA,159169900.0,0.03976,4003665200.0,92336610.0,-0.004,-0.3275,-0.2731
359,MLN,156333540.0,87.2,1792738.0,26764748.0,-0.001,-0.14819999,-0.1666
360,DEP,154431330.0,0.04641,3327572200.0,14702631.0,-0.0463,-0.1859,-0.105500005
361,TKO,155761180.0,1.44,108500000.0,39845504.0,0.0119,-0.1839,-0.1086
362,RKN,155267000.0,0.6393,242857140.0,454456.0,0.0,-0.1526,-0.0552
363,ANT,155206930.0,3.92,39609524.0,57547270.0,-0.0028,-0.2798,-0.47509998
364,MLK,155530260.0,1.99,78160820.0,718540600.0,0.0152,-0.0228,0.2432
365,SAMO,154226370.0,0.05651,2728946700.0,11449931.0,-0.0074,-0.16350001,-0.16520001
366,PEAK,152141620.0,0.1403,1084145000.0,461632.0,-0.0053,-0.082399994,-0.11359999
367,DG,151575660.0,437.2,346695.0,2558823.0,-0.0002,-0.22379999,-0.2625
368,LCX,151250800.0,0.204,741597100.0,7828622.0,-0.0047,-0.2451,-0.1372
369,META,150613090.0,0.1209,1245430300.0,59916676.0,0.012,-0.2608,-0.1495
370,COS,147536210.0,0.04044,3647850500.0,1174081300.0,-0.0137,0.39270002,0.9363
371,MTL,145803920.0,2.19,66588890.0,35607560.0,-0.010199999,-0.2959,-0.2906
372,API3,145500110.0,3.94,36907810.0,13891269.0,0.0047999998,-0.1451,-0.17860001
373,XPR,145522860.0,0.01724,8441459000.0,9825460.0,-0.0072000003,-0.2158,-0.27040002
374,DPI,144089340.0,257.77,558983.0,6787815.0,-0.0055,-0.2219,-0.2292
375,WAN,142205890.0,0.738,192685330.0,14101010.0,-0.0114,-0.2618,-0.19790001
376,TITAN,141841500.0,2.66,53404160.0,331577.0,-0.014199999,-0.18540001,-0.29799998
377,KIN,140450320.0,8.414e-05,1669147500000.0,15444687.0,0.0168,-0.17559999,0.0679
378,UTK,140812720.0,0.3129,450000000.0,78653840.0,0.0026,-0.19559999,-0.1608
379,STPT,139756240.0,0.106,1318893200.0,59425216.0,-0.0066000004,-0.2878,-0.3047
380,DPR,139417090.0,0.1345,1036755650.0,3999862.0,0.023699999,-0.082399994,-0.1288
381,MNW,138282480.0,2.93,47180016.0,2218778.0,0.0188,-0.105900005,-0.0908
382,AIOZ,137944660.0,0.6812,202505970.0,5426618.0,-0.0054,-0.2474,-0.3463
383,IQ,136049580.0,0.01358,10021453000.0,32792964.0,-0.0032,-0.2895,-0.2074
384,ZB,135432260.0,0.2923,463288800.0,6089460.0,-0.0015,-0.1249,-0.126
385,SUSD,133333624.0,0.9992,133438184.0,11686764.0,-0.0014,0.0004,-0.0034999999
386,PHA,133307304.0,0.4901,272000000.0,34439776.0,-0.011,-0.23030001,-0.3215
387,USDX,132346936.0,0.9119,145128600.0,578188.0,0.0007,-0.075100005,-0.078
388,POA,131898040.0,0.4481,294379420.0,29.0,0.0219,-0.17469999,-0.1469
389,SAFE,129682660.0,6.22,20835500.0,,-0.0015,-0.2224,0.2367
390,BOSON,129309210.0,2.06,62632296.0,11243499.0,0.0278,-0.2297,-0.3085
391,ERN,129267300.0,10.2,12676155.0,28377204.0,-1e-04,-0.19459999,-0.2916
392,SLP,129198990.0,0.04097,3153533400.0,314155780.0,-0.013300001,-0.2688,-0.3179
393,TROY,128575090.0,0.01444,8905660000.0,139657440.0,-0.0732,0.081099994,0.0708
394,DAD,128510140.0,0.2699,476158720.0,193479440.0,0.060599998,0.135,0.3676
395,DDX,127744970.0,4.9,26094664.0,2684975.0,-0.0074,-0.19600001,-0.0498
396,ATA,127171976.0,0.7383,172252000.0,43094136.0,0.0053,-0.3241,-0.42560002
397,METIS,127136970.0,67.59,1881128.0,5899525.0,-0.024500001,-0.24430001,-0.36380002
398,RARE,126973170.0,1.25,101756220.0,26339932.0,-0.0064,-0.2692,-0.2483
399,ALBT,126389176.0,0.5425,232955780.0,5351916.0,-0.0050999997,-0.18059999,-0.2612
400,BSW,125741220.0,0.8953,140442510.0,542846.0,-0.0094,-0.14930001,-0.31440002
401,ARPA,124892900.0,0.1106,1129168000.0,107144720.0,-0.0058999998,-0.2482,-0.29479998
402,DFA,123407820.0,2.37,52083332.0,15361712.0,-0.0043,-0.1232,0.2871
403,WHALE,124366090.0,18.01,6905590.0,3139616.0,-0.0066000004,-0.028399998,0.0358
404,DKA,123833340.0,0.1217,1017709400.0,32330700.0,-0.0069,-0.2172,-0.20629999
405,RBTC,122894000.0,47073.6,2611.0,106781.0,-0.0068,-0.175,-0.1454
406,AGLD,117678780.0,1.68,70170000.0,42959104.0,-0.0004,-0.278,-0.29610002
407,KMD,117141896.0,0.9075,129080296.0,23429192.0,0.010199999,-0.22379999,-0.1524
408,DFL,117064700.0,0.1997,586335000.0,14099455.0,0.0027,-0.21190001,-0.4268
409,BTS,115126430.0,0.03844,2994580000.0,61532692.0,0.0038,-0.2849,-0.2138
410,CLV,114923490.0,0.8924,128777780.0,37252520.0,0.02,-0.2075,-0.2349
411,MXC,114589300.0,0.04337,2642132500.0,12137713.0,0.0099,-0.1711,-0.102299996
412,BOND,113516050.0,22.42,5062733.0,24987748.0,-0.0228,-0.1109,-0.1467
413,IRIS,113452216.0,0.09717,1167547600.0,28985410.0,0.0002,-0.2521,-0.2082
414,TABOO,112931720.0,0.01154,9782679000.0,4664759.0,0.0219,-0.18090001,-0.462
415,KLV,112178210.0,0.03302,3397615900.0,2977277.0,0.0015,-0.1633,-0.1574
416,CUSD,111979410.0,0.9894,113175120.0,3622448.0,-0.0018000001,-0.0023999999,-0.0014
417,SPS,111926950.0,0.3434,325944200.0,3527089.0,0.0023999999,-0.1702,-0.2601
418,IDIA,111629830.0,2.48,45000000.0,4365431.0,-0.0033000002,-0.14140001,-0.1873
419,STRK,111144470.0,36.6,3037025.0,8124844.0,0.0007,-0.22620001,-0.22129999
420,EURS,111560820.0,1.13,98825940.0,6441480.0,0.0066000004,-0.0034999999,0.0005
421,aEth,110445464.0,3765.61,29330.0,,-0.0023,-0.1456,-0.052600004
422,DODO,110266460.0,0.9974,110551970.0,72458776.0,-0.0067000003,-0.3001,-0.2649
423,BAL,109529680.0,15.77,6943831.0,81908344.0,-0.0011,-0.2387,-0.2345
424,HOGE,109251304.0,0.0002715,402463030000.0,2028008.0,-0.040799998,-0.3813,0.024500001
425,FORTH,108825460.0,11.4,9547086.0,19789208.0,-0.00029999999,-0.1911,-0.2086
426,XHV,108733064.0,6.97,15589286.0,3036855.0,-0.0317,-0.2229,-0.32919997
427,LIT,107705016.0,3.47,31014048.0,61445656.0,0.0016,-0.3316,-0.3973
428,BNANA,107454630.0,3.39,31727388.0,949416.0,0.0222,-0.14060001,-0.0397
429,VVS,106935540.0,0.0001191,897706200000.0,35556536.0,-0.0115,-0.17379999,-0.1088
430,CTXC,106663600.0,0.5697,187230300.0,984677400.0,-0.056500003,-0.4652,1.4924
431,SDN,106428600.0,1.97,54113852.0,11432059.0,0.0307,-0.2448,-0.0837
432,LTO,105574870.0,0.3554,297071780.0,32631080.0,-0.0018000001,-0.2705,-0.3018
433,DATA,105465470.0,0.1375,767121860.0,32538040.0,-0.0155,-0.17879999,-0.1034
434,CORE,104441330.0,10444.13,10000.0,134422.0,0.0002,-0.1849,-0.0648
435,YFII,103715890.0,2687.22,38596.0,46010744.0,-0.0018000001,-0.2296,-0.2373
436,SSV,103808690.0,10.38,10000000.0,4149077.0,0.0421,-0.2092,-0.1749
437,CYCLUB,103307780.0,0.1798,574716700.0,68959070.0,0.0022,-0.2032,-0.3771
438,DVPN,102610880.0,0.01742,5890471000.0,3132195.0,-0.0124,-0.21290001,-0.1915
439,STT,101809180.0,4.53,22485624.0,2432041.0,-0.0046,-0.085200004,0.052399997
440,vUSDC,100946700.0,0.02116,4771015000.0,,0.00059999997,-0.00059999997,0.0034
441,OXY,100335976.0,1.56,64265812.0,1766535.0,-0.0042,-0.1396,-0.17899999
442,BIOT,100903610.0,0.05749,1755103500.0,11380122.0,-0.031,-0.1512,-0.2932
443,LGCY,100191256.0,0.00788,12713926000.0,351123.0,0.0119,-0.1104,-0.0366
444,WNXM,99615430.0,59.4,1676964.0,10757797.0,-0.0005,-0.2101,-0.1894
445,BANANA,97360120.0,1.22,79999416.0,3439188.0,0.0007,-0.1363,-0.1177
446,BZRX,97236920.0,0.2687,361933300.0,103569890.0,0.0,-0.3095,-0.0475
447,AVA,97099790.0,1.88,51548090.0,15410717.0,-0.0045,-0.1992,-0.2737
448,MSOL,97161350.0,195.1,498000.0,216833740.0,-0.0076,-0.19510001,-0.0304
449,GODS,97158020.0,4.11,23660714.0,26624252.0,-0.0149,-0.2982,-0.2011
450,PRE,97065690.0,0.2448,396578430.0,3832053.0,-0.0367,-0.2595,0.0256
451,MFT,96816320.0,0.009682,10000000000.0,41521400.0,-0.0037,-0.2724,-0.32779998
452,URUS,96633450.0,185.15,521929.0,1103870.0,-0.00090000004,-0.1719,-0.0427
453,FSN,96360880.0,1.37,70280800.0,20831392.0,0.1301,0.0011999999,1.0243
454,HUNT,96216860.0,0.8719,110357400.0,89845930.0,-0.0189,-0.23959999,-0.3095
455,GLCH,96054820.0,1.21,79282950.0,5223147.0,0.0253,-0.2908,-0.22399999
456,CTK,95779280.0,1.6,59980604.0,49424724.0,-0.0042,-0.2911,-0.065799996
457,MONA,95570210.0,1.45,65729676.0,5100390.0,-0.0055,-0.1453,-0.14819999
458,RAMP,95184450.0,0.2345,405881100.0,31122616.0,-0.0047,-0.1999,-0.2738
459,COCOS,95116560.0,2.26,42015868.0,60936076.0,-0.0137,-0.2725,-0.3766
460,FIO,94633304.0,0.2562,369321300.0,427525100.0,-0.0116,0.18010001,0.26209998
461,TT,94446620.0,0.01155,8180337000.0,54882544.0,0.0064,-0.3159,-0.24
462,SHFT,94476200.0,0.6635,142380690.0,637490.0,-0.002,-0.0625,-0.0625
463,DNT,94322150.0,0.1572,600000000.0,26813756.0,-0.0018000001,-0.1856,-0.13069999
464,RARI,93633120.0,17.42,5373608.0,11336353.0,-0.0117999995,-0.19590001,-0.0139
465,XAS,93374610.0,1.0,93355330.0,,-0.0004,-0.00059999997,0.0
466,BIFI,93078856.0,1292.76,72000.0,5580525.0,0.0017,-0.1603,0.0211
467,CUDOS,91008610.0,0.04165,2185319400.0,2683323.0,-0.0004,-0.11399999,-0.1513
468,STAKE,90957690.0,12.24,7430732.0,8974674.0,-0.004,-0.1171,0.0535
469,NWC,90520850.0,0.6019,150400830.0,4341584.0,0.0249,-0.2,-0.113299996
470,CHESS,90387420.0,1.88,48045630.0,54514970.0,-0.0069,-0.2473,-0.3406
471,VAI,89715440.0,0.9138,98176776.0,2151256.0,-0.0023,0.0113,0.0121
472,ZKS,89616200.0,0.4539,197440000.0,14903685.0,-0.028099999,-0.225,-0.3174
473,LQTY,88773176.0,6.73,13181063.0,1247436.0,-0.014199999,-0.1511,-0.2561
474,WTC,88647230.0,1.13,78277896.0,97703250.0,0.0504,-0.31870002,0.105
475,BP,88626220.0,11.93,7427778.0,2410724.0,-0.0099,-0.1526,0.17909999
476,DIA,88305740.0,1.56,56634600.0,42543068.0,-0.0224,-0.2224,-0.2351
477,CRE,88436170.0,0.0101,8757962000.0,94101200.0,-0.0046,-0.2869,-0.3417
478,TPT,88261340.0,0.02546,3466457300.0,1768149.0,-0.0061000003,-0.1842,-0.0054
479,LOOM,88154050.0,0.08815,1000000000.0,29126436.0,-0.0064999997,-0.26700002,-0.3081
480,TNC,88144260.0,0.01506,5851183000.0,6048575.0,-0.021,-0.1094,0.6437
481,ALPACA,87860300.0,0.6205,141603870.0,26165816.0,-0.0045,-0.1824,-0.1437
482,BZZ,87711580.0,1.75,49983984.0,10746292.0,0.0097,-0.19559999,-0.2151
483,QUICK,87460830.0,267.38,327100.0,20305226.0,-0.0056,-0.1996,-0.183
484,BEL,87265360.0,1.82,48000000.0,132210170.0,-0.0002,-0.3059,-0.2133
485,PRO,87352240.0,1.23,70850410.0,143845.0,0.0004,-0.2087,-0.192
486,MOC,86746420.0,0.2362,367194700.0,50575070.0,-0.0070999996,-0.2773,-0.4002
487,OM,86940560.0,0.2117,410671600.0,104828670.0,0.028199999,-0.103999995,-0.0975
488,NYE,86811400.0,12.24,7090060.0,873719.0,-0.0023999999,-0.1396,-0.1344
489,BEAM,86616250.0,0.8462,102360040.0,128523460.0,-0.0025,-0.19459999,0.2902
490,ATRI,86267220.0,0.09726,886959940.0,3605227.0,0.0215,-0.2131,-0.32279998
491,XNC,86305256.0,1.13,76274960.0,45743.0,-0.0013,-0.0912,-0.074499995
492,BRD,86249120.0,0.9706,88862720.0,24291890.0,0.0233,-0.08,-0.22860001
493,TRB,85256500.0,37.2,2291624.0,48838064.0,0.0002,-0.28190002,-0.3444
494,HARD,85253610.0,0.9053,94166664.0,51586164.0,0.0029,-0.1692,-0.13430001
495,DUSK,84632620.0,0.2209,383163700.0,11144479.0,-0.0128999995,-0.22530001,-0.3089
496,vXVS,84761850.0,0.3777,224433920.0,,-0.0312,-0.17940001,-0.15010001
497,MIX,84377800.0,0.01795,4699943000.0,23185360.0,-0.0029,-0.2915,-0.4375
498,ROOK,83969120.0,135.95,617636.0,2959151.0,0.0081,-0.148,-0.1062
499,AKRO,83263610.0,0.02391,3481910300.0,38529496.0,0.0037,-0.3094,-0.2474
500,PRQ,82797080.0,0.6088,135993490.0,2240481.0,0.0015,-0.1688,-0.1657
501,AQT,82231176.0,3.97,20726978.0,39089276.0,-0.0038,-0.2736,-0.32509997
502,AERGO,81590380.0,0.309,264019890.0,62694820.0,-0.0047999998,-0.2831,-0.24360001
503,MATH,81249820.0,0.7105,114356160.0,1318773.0,-0.0007,-0.121300004,-0.188
504,ADX,81404560.0,0.597,136364660.0,31406468.0,-0.0041,-0.2499,-0.19639999
505,AION,79975680.0,0.1603,498957540.0,26905050.0,-0.0085,-0.3143,-0.3309
506,FIRO,79797096.0,6.31,12640887.0,7950157.0,-0.0021,-0.2544,-0.15529999
507,ZEON,78665700.0,0.002577,30529104000.0,313618.0,0.1389,-0.0095999995,0.044099998
508,ALEPH,78688900.0,0.4365,180261900.0,3843165.0,0.0045,-0.2202,-0.24430001
509,BOR,78444370.0,552.7,141929.0,69978.0,0.0002,-0.19610001,-0.4079
510,NULS,78284620.0,0.7858,99620740.0,429127520.0,-0.019299999,-0.4037,0.4661
511,RAI,77115310.0,3.01,25649140.0,13683908.0,-0.0018000001,-0.001,-0.0050999997
512,UPP,76246024.0,0.166,459429440.0,18769232.0,0.0052,-0.24229999,-0.24209999
513,KAR,76294936.0,4.17,18314792.0,7303552.0,-0.0041,-0.2634,-0.28260002
514,EUM,76466320.0,2.74,27898118.0,388159.0,-0.0219,-0.1767,-0.120900005
515,BOA,75361830.0,0.2482,303595040.0,13767109.0,0.0061000003,-0.11270001,-0.1649
516,REV,75123560.0,0.1196,628210750.0,3080084.0,-0.0128999995,-0.0452,-0.0432
517,BTM,75538520.0,0.04661,1620713500.0,53231650.0,-0.0073,-0.24219999,-0.0172
518,NIF,74587490.0,52.62,1417503.0,2330412.0,-0.0084,-0.056799997,-0.080699995
519,ASM,74374696.0,0.1094,680079740.0,21101044.0,0.0185,-0.2031,-0.3005
520,BLZ,74130930.0,0.2344,316228770.0,25130472.0,0.003,-0.32169998,-0.38889998
521,DMCH,73050450.0,0.3383,215949940.0,70270.0,-0.0004,-0.00059999997,-0.0128999995
522,RFR,72787360.0,0.01456,4999180300.0,15232211.0,-0.0058,-0.24200001,-0.295
523,PNG,72542936.0,1.1,65917000.0,5346732.0,-0.014400001,-0.2383,-0.3252
524,FWT,72384440.0,0.01327,5455459300.0,6608787.0,-0.0046,-0.16870001,-0.2789
525,SUKU,71788730.0,0.6025,119149900.0,14891447.0,-1e-04,-0.20879999,-0.2328
526,FOX,71769384.0,0.6267,114518970.0,5171261.0,-0.0002,-0.21110001,-0.115
527,NRG,71413170.0,1.5,47693680.0,1394815.0,-0.0106,-0.25129998,-0.1381
528,MITH,70586430.0,0.07059,1000000000.0,89011416.0,-0.0015,-0.2867,-0.27899998
529,LDO,69563780.0,2.83,24539272.0,9963257.0,0.0031,-0.1869,-0.2306
530,ADS,69353390.0,3.31,20983604.0,4726518.0,-0.0017,-0.2296,0.1065
531,LON,68955400.0,1.66,41562910.0,10612139.0,-0.001,-0.118599996,-0.021
532,erowan,68166080.0,0.1626,419189200.0,708838.0,0.0019,-0.1607,-0.20709999
533,KEY,67764856.0,0.01339,5059969500.0,49309020.0,0.0058999998,-0.1765,-0.1391
534,QC,67591800.0,0.1469,460000200.0,448534850.0,0.0022,-0.0401,-0.001
535,VID,67116530.0,0.4287,156549650.0,241728.0,0.0121,0.0108,0.0137
536,ELA,67003652.0,3.31,20223740.0,3325848.0,0.0145000005,-0.2242,-0.2754
537,RBN,66600810.0,1.39,47955700.0,16253455.0,0.019,-0.2401,-0.1676
538,FARM,66683536.0,102.3,651813.0,17463434.0,0.0147,-0.1696,-0.2186
539,POSI,65327110.0,4.37,14947772.0,34650116.0,-0.0055,-0.1146,0.012999999
540,DOGEDASH,64864452.0,0.0012,54046884000.0,16804164.0,0.0173,-0.2337,-0.21620001
541,STRONG,64255900.0,464.72,138269.0,16211296.0,0.026500002,-0.0712,0.0099
542,VEGA,63423870.0,8.89,7136308.0,7649066.0,0.0127,-0.1442,-0.24180001
543,KRL,63434868.0,1.68,37834600.0,4505057.0,0.0108,-0.1463,-0.1162
544,MBL,63248056.0,0.009497,6659694600.0,75603784.0,-0.0107,-0.3342,-0.21280001
545,SWP,63050084.0,1.86,33854170.0,158273.0,-0.0106,-0.0943,-0.2956
546,ADAPAD,62749056.0,0.5334,117642376.0,1332504.0,0.0125,-0.0586,-0.094799995
547,PAID,62528976.0,0.7527,83070180.0,1143415.0,0.0575,-0.2274,-0.1807
548,HAI,62499616.0,0.1378,453611970.0,1873998.0,0.0,-0.1744,-0.0515
549,DG,62343450.0,0.4351,143275020.0,736488.0,0.0029,-0.2281,-0.2021
550,GAS,62012252.0,6.12,10128375.0,14456832.0,-0.0064,-0.2425,-0.24219999
551,PKF,62042212.0,1.7,36530108.0,2136263.0,0.0339,-0.1455,-0.1668
552,BMX,62080440.0,0.3574,173717950.0,18177520.0,-0.0349,-0.1099,-0.084300004
553,GRS,61636932.0,0.7808,78942190.0,18352474.0,-0.0107,-0.2548,-0.2013
554,MPL,61588630.0,21.27,2895998.0,1873897.0,-0.0019,-0.1067,-0.0146
555,BCN,61248510.0,0.0003328,184066830000.0,103213.0,-0.0016,-0.1579,-0.071
556,POND,61201692.0,0.08305,736908400.0,51705132.0,0.0004,-0.19629999,-0.2358
557,MET,61006756.0,4.9,12451294.0,138523.0,-0.0007,-0.16540001,-0.0759
558,DGD,60849424.0,752.48,80866.0,80684.0,0.0014,-0.1478,-0.0589
559,FLM,60414250.0,0.4028,150000000.0,57799584.0,-0.0015,-0.2919,-0.2841
560,REVV,60447704.0,0.2172,278270660.0,4422238.0,0.009,-0.1973,-0.3233
561,PAC,60340484.0,0.003821,15792604000.0,425908.0,-0.0557,-0.18120001,-0.1993
562,QI,59534390.0,0.1828,325692000.0,73066650.0,-0.0147,-0.2511,-0.17950001
563,DOCK,59312050.0,0.08038,737863900.0,80737130.0,0.0195,-0.19600001,-0.1289
564,WOZX,58397800.0,0.3738,156246350.0,5891381.0,-0.0159,-0.139,-0.16280001
565,GZONE,58809224.0,0.9205,63890304.0,3263796.0,-0.0004,-0.010199999,-0.0032
566,EDG,58334612.0,0.009881,5903707600.0,4335910.0,-0.0058999998,-0.1438,-0.2724
567,VBIT,58213012.0,0.04848,1200806900.0,54780.0,-0.0619,-0.1436,-0.094
568,DEGO,57900584.0,6.73,8607383.0,42495320.0,-0.0235,-0.2983,-0.32849997
569,DEXE,57967600.0,16.58,3496641.0,83123860.0,0.026800001,0.158,0.0921
570,ZASH,57928892.0,0.03642,1590616000.0,6217.0,-0.00090000004,-0.3169,-0.0028
571,MARO,57797144.0,0.1157,499363940.0,31405884.0,0.0087,-0.1441,-0.0467
572,XOR,57734010.0,143.36,402734.0,2031277.0,-0.0007,-0.1516,-0.121700004
573,FRONT,57581304.0,0.7741,74387500.0,28044080.0,-0.004,-0.2387,-0.216
574,BEPRO,57348744.0,0.008477,6764991000.0,7649235.0,-0.0335,-0.3388,0.038399998
575,RDD,57261500.0,0.001884,30397274000.0,314494.0,-0.0016,-0.1732,-0.2595
576,MWC,57082036.0,5.29,10797417.0,181337.0,0.013099999,-0.0975,-0.2909
577,vBUSD,57099340.0,0.02119,2694770400.0,,-0.0015,-0.0016,-0.0017
578,SAITO,56455770.0,0.05299,1065408600.0,5334818.0,-0.0107,-0.28030002,-0.001
579,VEMP,56481236.0,0.3252,173684290.0,11643944.0,-0.0511,-0.28190002,-0.29659998
580,XTM,56291310.0,1.32,42574180.0,9763268.0,-0.010299999,-0.2743,-0.2616
581,VRSC,56356496.0,0.8588,65620800.0,128078.0,-0.016,-0.2075,-0.1148
582,CGG,56016396.0,1.58,35373010.0,6677648.0,-0.0057,-0.2471,-0.3009
583,LA,55784588.0,0.1468,380104450.0,26098.0,0.0038,-0.1299,-0.0517
584,AUCTION,55740480.0,26.75,2083956.0,60627588.0,-0.0036000002,-0.2568,-0.1775
585,BTU,55554976.0,0.6138,90514216.0,14436.0,1e-04,-0.093,-0.1153
586,PNK,55190428.0,0.08928,618184300.0,1764127.0,-0.0011,-0.1364,-0.1863
587,CET,54997904.0,0.07761,708633600.0,3530548.0,0.0028,-0.1527,-0.0933
588,SBD,54039456.0,5.45,9911286.0,5783164.0,-0.0183,-0.24040002,-0.22790001
589,HEGIC,53629710.0,0.08297,646356160.0,6782611.0,-0.0015,-0.2395,-0.22760001
590,EPIC,53125028.0,3.99,13309672.0,267510.0,0.13939999,-0.2208,0.7324
591,MDT,52999070.0,0.07838,676157000.0,76031180.0,0.11399999,0.1306,0.3393
592,GMT,52817456.0,0.3596,146895230.0,2470958.0,-0.0015,-0.1367,-0.0547
593,BURGER,52571724.0,3.08,17089146.0,18135966.0,-0.0117,-0.169,-0.1523
594,FCT,52325800.0,0.1556,336216860.0,38559840.0,-0.0043,-0.2593,-0.2644
595,VELO,52114180.0,0.1539,338521540.0,2999114.0,-0.0346,-0.2832,-0.2856
596,WICC,51848430.0,0.2469,210000000.0,106505860.0,0.021300001,-0.015800001,0.38439998
597,PDEX,51327932.0,11.4,4501930.0,1484427.0,0.0042,-0.1724,-0.28120002
598,VSYS,50953956.0,0.02095,2431644400.0,13129762.0,-0.025899999,-0.21540001,-0.0318
599,APL,51188428.0,0.002419,21165097000.0,5796805.0,0.0171,-0.1604,-0.1259
600,GRID,49993670.0,1.27,39236492.0,78733.0,0.00090000004,-0.2035,0.0498
601,GTO,49908050.0,0.0648,770236860.0,228879090.0,-0.0178,-0.42159998,0.097600006
602,CRA,49879180.0,0.7692,64845012.0,11072526.0,-0.035,-0.40330002,-0.5852
603,FLX,49815076.0,323.35,154060.0,1856724.0,-0.0038,-0.1451,-0.0771
604,DEXT,49725948.0,0.4875,102005840.0,491694.0,0.0011999999,-0.1872,-0.1204
605,YLD,49316350.0,0.3555,138743220.0,867885.0,0.0002,-0.1864,-0.0708
606,CIV,49317596.0,0.1644,300000000.0,110247.0,0.0034999999,-0.1149,-0.123900004
607,SHR,49211250.0,0.02105,2337851400.0,2089060.0,-0.0135,-0.21620001,0.0191
608,SIX,49129536.0,0.1795,273776600.0,9988708.0,-0.0163,-0.17959999,0.405
609,OOE,49156948.0,0.3279,149895380.0,4536719.0,0.008,-0.2187,-0.24870001
610,BASIC,48880900.0,0.007531,6490920000.0,2889610.0,-0.0271,-0.2146,-0.2048
611,RVP,48368764.0,0.04031,1200000000.0,341538.0,0.0904,-0.0874,-0.1167
612,AST,48319028.0,0.3221,150000000.0,8168754.0,-0.0116,-0.19559999,-0.3522
613,NIM,47816980.0,0.005526,8652690000.0,1957910.0,-0.0154,-0.1727,-0.0668
614,GNY,47446304.0,0.2466,192376660.0,4137.0,0.0005,-0.2786,-0.2458
615,RAINI,47250676.0,0.09995,472724770.0,1032194.0,0.0019,-0.2021,-0.1374
616,PERL,46975144.0,0.09568,490938900.0,96903740.0,-0.0041,-0.1547,-0.054
617,AMO,46335732.0,0.002422,19127675000.0,2135571.0,-0.0387,-0.2087,-0.1444
618,TIME,46157024.0,65.0,710112.0,402308.0,-0.0069999998,-0.18129998,0.3745
619,VITE,45792024.0,0.09239,495616540.0,24725112.0,0.003,-0.3529,-0.1821
620,ANJ,45971890.0,0.3574,128645464.0,314204.0,-0.0038,-0.0754,-0.0058
621,NSBT,45947736.0,21.26,2161104.0,138473.0,-0.0349,-0.138,-0.118999995
622,SDAO,45921056.0,1.57,29322684.0,4617731.0,-0.0341,-0.15890001,-0.0867
623,HOTCROSS,45522144.0,0.4002,113750000.0,6113323.0,0.0036000002,-0.1363,-0.0733
624,PSG,45065110.0,14.49,3110906.0,11201883.0,0.001,-0.17889999,-0.1898
625,NBS,44911896.0,0.01722,2607670500.0,9051014.0,0.0055,-0.274,-0.3022
626,PIVX,44766070.0,0.661,67725736.0,1257086.0,0.0143,-0.19129999,-0.16309999
627,ORION,44678956.0,1.15,38693730.0,4536405.0,-0.0023999999,-0.21079999,0.111999996
628,CELL,44448004.0,1.55,28623756.0,2076578.0,0.008,-0.19569999,-0.2317
629,BCMC,44271040.0,2.14,20671564.0,1908861.0,-0.0023,-0.1885,-0.2183
630,MVC,44038576.0,0.02678,1644221600.0,9100185.0,0.020299999,-0.21270001,-0.4686
631,VERI,44065150.0,20.5,2149646.0,831.0,1e-04,-0.22209999,0.0559
632,MTV,44093812.0,0.01199,3678233000.0,9587749.0,-0.0479,-0.29680002,-0.4028
633,CVP,43800284.0,1.21,36074690.0,12790297.0,-0.0215,-0.24530001,-0.19540001
634,PBR,43414336.0,1.18,36902964.0,7794264.0,-0.0139,-0.3061,-0.4648
635,AE,43084416.0,0.124,347470700.0,8247682.0,-0.0148,-0.22389999,-0.3413
636,FOR,43075900.0,0.06736,639520000.0,45633932.0,0.0078,-0.2607,-0.122600004
637,STARSHIP,42953828.0,2.27,18908258.0,576363.0,0.0039,-0.1675,-0.2584
638,KYL,42698884.0,0.276,154725760.0,2128234.0,0.0145000005,-0.2013,-0.2151
639,FARA,42265276.0,2.4,17644876.0,2566884.0,-0.0093,-0.2019,-0.33220002
640,UNFI,41649044.0,8.17,5096364.0,32498890.0,-0.0066000004,-0.3193,-0.21110001
641,CPAN,41560650.0,2.66,15600000.0,14345515.0,-0.0084,-0.077,-0.52419996
642,STACK,41474336.0,0.1235,335773120.0,1875702.0,-0.0223,-0.1824,-0.322
643,NFTX,41323776.0,102.0,405126.0,279025.0,-0.0053,-0.098900005,-0.026600001
644,ULT,41305876.0,0.01456,2836429600.0,51061.0,-0.0054,-0.14,0.0163
645,WXT,40945980.0,0.004095,10000000000.0,4040047.0,0.0224,-0.090500005,-0.21790001
646,MUSD,40918108.0,0.9959,41085970.0,486877.0,-0.0015,-0.0036000002,-0.0128
647,PSP,40807170.0,0.5598,72891000.0,4128093.0,0.131,-0.0421,-0.2489
648,AXEL,40705548.0,0.144,282580540.0,204816.0,-0.0034999999,-0.1743,-0.1545
649,LOTTO,40689456.0,0.02034,2000000000.0,5312.0,-0.0034,0.033800002,0.0034999999
650,CPOOL,40640308.0,1.05,38634740.0,1516172.0,-0.023,-0.1626,-0.2733
651,MLT,40545610.0,0.5132,79013040.0,2844986.0,-0.0111,-0.1729,-0.20879999
652,KDAG,40475116.0,0.7461,54251544.0,3393658.0,-0.0327,0.089099996,0.9942
653,eRSDL,40064604.0,0.1055,379804580.0,3423917.0,0.0089,-0.218,-0.1432
654,XCP,40056290.0,15.32,2613892.0,153881.0,-0.0069999998,-0.1667,-0.0652
655,ASTRO,39983724.0,0.1708,234064940.0,805018.0,-0.0078,-0.0953,-0.152
656,SOLVE,39977588.0,0.09226,433324960.0,4053895.0,-0.0036000002,-0.2486,-0.1649
657,TORN,39934450.0,36.31,1099795.0,12530802.0,-0.0046,-0.2284,-0.2477
658,FRM,39907816.0,0.2579,154715260.0,1080664.0,-0.0013,-0.1503,-0.103199996
659,AUTO,39808772.0,751.07,53003.0,11525475.0,-0.0058999998,-0.2155,-0.19709998
660,DERI,39692524.0,0.3915,101391210.0,5432769.0,-0.003,-0.2086,-0.2186
661,DXD,39151120.0,793.82,49320.0,694339.0,-0.098500006,-0.0218,0.16149999
662,KRT,39148828.0,0.0009266,42250490000.0,228317.0,0.033,0.0421,0.0356
663,HYDRA,38698360.0,10.03,3858584.0,951629.0,-0.0032,-0.1159,-0.2232
664,QTCON,38548900.0,0.01306,2951519700.0,16499595.0,-0.018,-0.2446,-0.2001
665,O3,38372104.0,1.08,35644870.0,8938471.0,-0.0004,-0.24129999,-0.2471
666,NXS,38148492.0,0.5285,72185510.0,2956534.0,0.0602,-0.1867,-0.0654
667,PNT,37968890.0,0.9202,41260340.0,21237144.0,0.0002,-0.295,-0.32299998
668,XED,38107320.0,0.592,64368000.0,3141531.0,-0.0091,-0.1917,-0.048299998
669,GSWAP,38041600.0,3.4,11202090.0,3014737.0,0.0004,-0.2036,-0.508
670,BELT,37981736.0,4.25,8947042.0,1627904.0,-0.0068,-0.1176,-0.1389
671,CAPS,37605396.0,0.09258,406181570.0,3971423.0,0.0388,-0.2199,0.0177
672,GO,37778360.0,0.03413,1106885800.0,7052462.0,0.0231,-0.284,-0.0688
673,GMEE,37474724.0,0.3031,123651016.0,3328191.0,-0.0115,-0.22670001,-0.29770002
674,STOS,37205388.0,2.47,15054353.0,5860209.0,-0.0053,-0.2486,-0.41369998
675,MINT,37070772.0,3.645e-05,1017148150000.0,5599063.0,0.0162,-0.32740003,-0.22639999
676,CQT,37025390.0,0.7455,49665076.0,11233125.0,0.0189,-0.2357,-0.34080002
677,VTC,36649020.0,0.5823,62943296.0,4980198.0,0.0493,-0.1675,0.0256
678,XWG,36606544.0,0.1424,257000000.0,3294414.0,-0.0031,-0.143,-0.16290002
679,VIDT,36113332.0,0.7306,49428304.0,15039699.0,-0.0068,-0.2215,-0.18129998
680,GHC,36244030.0,3.624e-08,1000000000000000.0,4826785.0,0.0304,-0.2549,-0.5633
681,STARS,36169190.0,0.1179,306657540.0,5870277.0,-0.0049,-0.29680002,-0.0535
682,JGN,36163124.0,0.9141,39562500.0,4108661.0,-0.0095999995,-0.2618,-0.1121
683,PLTC,36099964.0,0.3857,93597390.0,1132306.0,0.0,-0.0525,0.0328
684,VEE,35887460.0,0.01052,3410783000.0,91723.0,0.00059999997,-0.2394,-0.32849997
685,SFI,35856816.0,390.4,91847.0,659251.0,-0.0062,-0.1743,-0.132
686,HEZ,35728964.0,7.6,4700000.0,2094879.0,0.0011,-0.0589,0.2059
687,MCB,35640956.0,19.22,1854178.0,1947676.0,0.00059999997,-0.0837,-0.19319999
688,ERC20,35639320.0,0.03158,1128632600.0,19795.0,0.0292,-0.13430001,-0.1943
689,OXB,35617570.0,4.75,7501504.0,1703607.0,-0.0011999999,-0.1301,-0.19399999
690,NFTB,35612030.0,0.3352,106243270.0,2855129.0,-0.0095,-0.1885,-0.2584
691,IHF,35564150.0,0.3012,118088830.0,19376.0,-0.0017,-0.1353,-0.068
692,BPAY,35309332.0,0.005779,6110021600.0,224814.0,-0.0073,-0.1005,-0.2352
693,POOLZ,35237444.0,11.87,2968359.0,2220320.0,-0.0015,-0.1399,-0.097600006
694,DREP,35022516.0,0.8778,39900000.0,35559670.0,-0.0011,-0.2561,-0.15630001
695,EVZ,34976356.0,0.079,442733060.0,7519217.0,-0.0025,-0.2074,-0.24180001
696,RDN,34884750.0,0.5223,66793932.0,2046407.0,-0.0085,-0.19229999,-0.1432
697,SERO,34779200.0,0.1035,336183360.0,2504461.0,-0.0066000004,-0.1005,-0.1308
698,DORA,34417980.0,11.59,2970196.0,42797508.0,-0.0135,-0.3083,-0.4468
699,RPG,34378604.0,49.74,691154.0,2825818.0,0.0101,-0.0383,-0.16690001
700,NUM,34289880.0,1.41,24323696.0,9956828.0,-0.026199998,-0.1573,-0.35619998
701,WING,34240016.0,15.99,2140934.0,10898025.0,0.0041,-0.2211,-0.19440001
702,GAME,34169916.0,0.1886,181181300.0,419401.0,0.0007,-0.19530001,-0.191
703,XNO,34088640.0,0.09158,372210900.0,14524082.0,-0.0188,-0.1525,-0.2609
704,K21,33984496.0,2.42,14017179.0,2578884.0,0.0222,-0.2336,0.1396
705,QSP,33784628.0,0.04733,713801900.0,2255967.0,-0.021,-0.2543,-0.1528
706,PPT,33748800.0,0.6338,53252250.0,1373738.0,0.016900001,-0.1265,-0.1041
707,OXEN,33750396.0,0.6009,56167788.0,75206.0,0.0377,-0.1364,-0.1095
708,CXO,33543112.0,0.1616,207557630.0,132248.0,-0.0061000003,-0.19600001,-0.16510001
709,KCCPAD,33446084.0,0.2457,136144020.0,2922082.0,0.0101,-0.056900002,0.0923
710,LIKE,33384656.0,0.4806,69466870.0,1882668.0,-0.0056,-0.0789,-0.18280001
711,VISR,33206700.0,1.07,31029072.0,498126.0,0.0382,-0.1766,-0.235
712,LAZIO,33015816.0,3.84,8600000.0,6942561.0,-0.013099999,-0.23719999,-0.3266
713,CRU,32972056.0,10.77,3062357.0,6109372.0,-0.0228,-0.2798,-0.4708
714,PMON,32862786.0,9.64,3410185.0,1554599.0,0.010199999,-0.16139999,-0.2622
715,DSLA,32854870.0,0.005995,5480450000.0,383354.0,0.0172,-0.1498,-0.118
716,LIKE,32539840.0,0.03048,1067539900.0,83053.0,0.0027,-0.1417,-0.143
717,EL,32517422.0,0.01013,3211134000.0,4582531.0,-0.0068,-0.22770001,-0.1409
718,CITY,32487400.0,9.26,3508140.0,7002643.0,0.00059999997,-0.136,-0.19530001
719,MAP,32468360.0,0.02902,1118715300.0,1478212.0,0.0094,-0.169,-0.1344
720,HAM,32448622.0,1.361e-08,2384230000000000.0,1058302.0,0.0045,-0.3019,-0.4348
721,LIGHT,31981388.0,0.4976,64269692.0,390185.0,0.0069,-0.1258,-0.2006
722,CUT,31969476.0,0.2115,151155330.0,,-0.048600003,-0.21280001,-0.1846
723,BAR,31923830.0,8.99,3551708.0,2868915.0,-0.0073,-0.1487,-0.2133
724,vUSDT,31788940.0,0.02139,1486153200.0,,-0.0015,-0.0013,0.00029999999
725,PLSPAD,31708464.0,0.217,146106780.0,1842337.0,-0.0082,-0.121800005,-0.1672
726,BTR,31611212.0,0.2405,131421230.0,7510983.0,-0.00090000004,-0.19459999,-0.2932
727,YFL,31406978.0,609.81,51503.0,1602343.0,0.0046,0.12550001,-0.09060001
728,FINA,31385520.0,4.18,7506900.0,9538113.0,0.0242,-0.1278,-0.3831
729,TCT,31254884.0,0.03821,817902300.0,121331330.0,-0.0187,-0.2166,0.002
730,DEHUB,30701132.0,0.01545,1987001100.0,1924408.0,0.0305,-0.38529998,-0.5696
731,HIBS,30624960.0,0.003326,9206679000.0,833552.0,-0.0172,-0.1886,-0.1988
732,LSS,30368084.0,0.8477,35822670.0,3484746.0,-0.020599999,-0.24700001,-0.4093
733,BAX,30534936.0,0.0006127,49837500000.0,4653155.0,-0.0127,-0.32759997,0.22309999
734,DON,30508204.0,0.9606,31758336.0,6139650.0,0.1174,-0.1777,0.35830003
735,DRGN,30455576.0,0.08214,370774080.0,641411.0,0.004,-0.2241,-0.3434
736,POLK,30132552.0,0.6305,47788012.0,1349516.0,0.0107,-0.24290001,-0.3443
737,PCX,29821554.0,2.65,11238875.0,3305640.0,-0.0115,-0.111499995,-0.2006
738,KARMA,29771144.0,0.005462,5450532400.0,27.0,-0.0034999999,-0.17639999,-0.1451
739,FLETA,29749924.0,0.0267,1114153200.0,18465784.0,0.0038,-0.3175,0.5984
740,ID,29272904.0,0.2508,116700000.0,1062272.0,-0.0021,-0.33560002,-0.3231
741,BTSE,29052708.0,6.67,4354711.0,2002720.0,0.0,0.0112,0.012999999
742,IPAD,28954538.0,0.05362,540000000.0,536692.0,0.0087,-0.036,0.1934
743,RSV,28926068.0,1.0,28850668.0,358330.0,-0.00090000004,0.0011999999,-0.00029999999
744,PENDLE,28827908.0,0.3832,75230550.0,1770771.0,-0.002,-0.2464,-0.17799999
745,AHT,28698306.0,0.01464,1959656000.0,15985061.0,-0.0114,-0.2882,-0.2319
746,USDK,28631984.0,1.0,28600072.0,394546000.0,-0.0002,0.0014,-0.0014
747,GRIN,28491808.0,0.3142,90683400.0,4215944.0,0.0304,-0.1325,-0.073
748,SRK,28433384.0,0.003426,8298367500.0,466845.0,0.0191,-0.14479999,-0.1478
749,DDIM,28417944.0,27.38,1037793.0,1018777.0,0.0287,-0.1018,-0.19389999
750,CLT,28339560.0,14.53,1950000.0,303233.0,-0.018099999,-0.2448,-0.1691
751,BNK,28171524.0,0.001131,24898912000.0,,0.00029999999,-0.1489,-0.121700004
752,RING,28146488.0,0.05504,511421700.0,6456419.0,-0.005,-0.2023,-0.39970002
753,CUMMIES,28089308.0,0.02127,1320428300.0,575766.0,-0.041500002,-0.1667,-0.33560002
754,ROUTE,27877412.0,3.79,7363610.0,453421.0,-0.001,-0.21049999,-0.16860001
755,LOCUS,27833792.0,0.03164,879808260.0,36652.0,-0.0127,0.040900003,-0.016
756,QQQ,27712744.0,0.01258,2202875400.0,212922.0,0.017,-0.25010002,-0.033099998
757,TMTG,27706316.0,0.003137,8832594000.0,1838796.0,0.0014,-0.21049999,-0.1834
758,MHC,27608146.0,0.009384,2942159400.0,1239095.0,0.0016,-0.1171,-0.081099994
759,LITH,27607472.0,0.02074,1330837600.0,8033080.0,-0.0116,-0.21209998,-0.2541
760,DX,27523654.0,0.0005505,50000000000.0,96299.0,-0.024400001,-0.1027,-0.1245
761,SPIRIT,27515906.0,0.09277,296605380.0,1740967.0,0.0055,-0.29799998,-0.3698
762,SOCKS,27476598.0,90982.11,302.0,37268.0,-0.001,-0.2036,0.017
763,CONV,27287848.0,0.01915,1425276700.0,2197451.0,0.005,-0.1708,-0.3854
764,SCP,27260038.0,0.6909,39454880.0,183675.0,-0.0373,-0.1841,0.2767
765,VSP,27214236.0,4.15,6550925.0,1103792.0,-0.0721,-0.1989,-0.16600001
766,SPI,26966356.0,29.65,909562.0,1637104.0,0.0007,-0.205,-0.1003
767,LTX,26632084.0,0.9294,28653896.0,866356.0,-0.0023999999,-0.16440001,-0.1601
768,UBX,26601032.0,0.0005839,45558153000.0,2861456.0,-0.0465,-0.3056,-0.1626
769,CND,27419528.0,0.01371,2000000000.0,2327724.0,0.031,-0.2522,-0.1435
770,MEDA,26238398.0,0.0005748,45646225000.0,1061177.0,0.0907,-0.1263,-0.1325
771,BMI,26196800.0,0.4049,64697070.0,1174595.0,-0.0041,-0.2823,-0.3891
772,ASTA,26162752.0,0.01453,1800000000.0,3270764.0,0.0082,-0.1377,-0.15609999
773,BUX,26146468.0,0.4515,57904772.0,972103.0,-0.0023,-0.1165,0.070300005
774,XSN,26127658.0,0.2134,122442504.0,227063.0,0.0029,-0.1189,0.1906
775,VAL,26020360.0,5.84,4452793.0,9749359.0,-0.0034999999,-0.2583,-0.13340001
776,KMON,25959832.0,0.1424,182323070.0,2848671.0,-0.0222,-0.107,-0.1869
777,XCUR,25646692.0,3.07,8342436.0,1813898.0,0.056500003,-0.257,-0.3176
778,BF,25835120.0,0.00603,4284413700.0,888781.0,0.0553,0.0356,-0.1295
779,OPCT,25807124.0,0.3208,80456100.0,991662.0,0.0034,-0.1666,-0.18030001
780,ZEE,25805896.0,0.4068,63429104.0,6194113.0,0.0156,-0.11229999,-0.1165
781,SKEY,25782908.0,0.142,181631360.0,2532461.0,0.0013,-0.1284,-0.1274
782,REAP,25679664.0,0.3643,70500000.0,3822380.0,-0.019299999,-0.1633,-0.0619
783,GHX,25648252.0,0.07334,349698560.0,2213253.0,-0.0175,-0.24620001,-0.37
784,HC,25545804.0,0.5668,45071908.0,31377068.0,0.0017,-0.2649,-0.0319
785,NEX,25382348.0,0.8703,29166200.0,212646.0,-0.0086,-0.0802,0.13270001
786,NAS,25156558.0,0.4157,60522870.0,27168964.0,0.0188,-0.346,-0.028299998
787,CARD,24853432.0,0.01054,2357983000.0,577937.0,0.0084,-0.2069,0.1759
788,ARV,24883168.0,0.0004876,51033350000.0,7884688.0,-0.007900001,-0.2448,-0.19639999
789,MONI,24772884.0,1.6,15524368.0,3614767.0,-0.0056,-0.1251,-0.30290002
790,TALK,24788092.0,0.6026,41133344.0,2374327.0,0.0,-0.2474,-0.2786
791,HPT,24747764.0,0.003941,6280068000.0,1136722.0,-0.0018000001,-0.1815,-0.38259998
792,ZCN,24835554.0,0.5131,48400984.0,245817.0,0.020599999,-0.1907,-0.16520001
793,TAU,24751098.0,0.174,142215730.0,854822.0,-0.0221,-0.2937,0.002
794,ETHPAD,24619708.0,0.1235,199427410.0,1334589.0,-0.0215,0.0185,0.0365
795,PUSH,24563468.0,1.84,13320065.0,1688966.0,0.0069999998,-0.1894,-0.2484
796,ASK,24471020.0,0.001588,15413689000.0,1327847.0,-0.0058,-0.0689,-0.066
797,NEBL,24559902.0,1.34,18383600.0,1604896.0,-0.00059999997,-0.213,0.0513
798,GET,24483920.0,2.15,11388258.0,198434.0,0.0017,-0.1146,-0.1489
799,VEED,24311176.0,0.004368,5566374400.0,236584.0,0.0070999996,-0.2028,-0.2967
800,BNC,24251946.0,2.39,10146000.0,1078795.0,0.0,-0.17549999,-0.3074
801,UMB,24154058.0,0.3261,74060184.0,2576971.0,-0.0251,-0.1872,-0.3066
802,WAG,24106804.0,0.5462,44138972.0,736747.0,-0.0042,-0.1366,-0.2751
803,WOM,24105942.0,0.2336,103207450.0,16400985.0,0.0139,0.0211,0.020299999
804,KAN,24045932.0,0.002523,9530801000.0,1001753.0,-0.0034999999,-0.1522,-0.1712
805,RAINBOW,23990456.0,2.788e-08,860397850000000.0,1446406.0,-0.0394,-0.2565,0.4115
806,GYEN,23993144.0,0.008776,2733962000.0,11477847.0,1e-04,0.0011,0.0095
807,OBSR,23921084.0,0.005898,4055575600.0,2582381.0,-0.061100002,-0.20709999,-0.2161
808,LIFE,23711336.0,0.004566,5193231400.0,3143638.0,-0.0069999998,-0.1919,-0.2053
809,SHROOM,23614114.0,0.4595,51386056.0,408637.0,-0.0150999995,-0.2484,-0.38990003
810,XRUNE,23626634.0,0.2928,80689460.0,2789533.0,0.0036000002,-0.119399995,-0.21440001
811,APY,23445730.0,0.4255,55104440.0,841947.0,-0.0028,-0.1257,0.0046
812,BEM,23306580.0,0.3275,71160000.0,2292059.0,0.0025,-0.1529,-0.3092
813,HOD,23284410.0,0.1148,202785120.0,5212458.0,0.0275,-0.2842,0.1188
814,SLRS,23244048.0,0.4817,48257760.0,620740.0,-0.019199999,-0.0639,-0.096099995
815,TEMCO,23225000.0,0.005845,3973256400.0,1511358.0,0.0053,-0.1892,-0.2499
816,STC,23208184.0,0.00436,5322747400.0,1383777.0,0.029000001,-0.111,-0.1338
817,QASH,23164916.0,0.06619,350000000.0,718482.0,0.0183,-0.11,-0.1548
818,NAV,23054060.0,0.3187,72331170.0,614862.0,-0.0029,-0.2165,-0.2384
819,ZANO,23005276.0,2.1,10931481.0,651625.0,-0.0039,-0.2006,-0.19510001
820,UFT,23003928.0,0.7408,31052564.0,3336498.0,0.028199999,-0.176,-0.16049999
821,SOC,22993804.0,0.01304,1763527000.0,4404999.0,-0.0108,-0.1547,-0.32950002
822,SAN,22965182.0,0.3628,63293580.0,30008.0,1e-04,-0.24190001,-0.17469999
823,RBC,22955586.0,0.2106,109000000.0,1167973.0,-0.0049,-0.1499,-0.2912
824,GMCOIN,22921864.0,0.5566,41183480.0,736002.0,0.0017,0.0149,-0.0171
825,SIN,22884326.0,0.3823,59865484.0,5540589.0,-0.007900001,-0.19709998,-0.32990003
826,PORTO,22826536.0,2.93,7800000.0,10417174.0,0.0047999998,-0.207,-0.3389
827,MSB,22785840.0,0.1715,132851940.0,9039545.0,-0.0069,-0.2215,-0.2219
828,GBYTE,22688992.0,28.54,794914.0,38682.0,-0.0254,-0.1926,-0.2787
829,PNY,22599980.0,0.3523,64156868.0,83696.0,-0.0058999998,-0.1883,-0.2175
830,WSG,22574120.0,7.242e-08,311708900000000.0,7061759.0,0.0146,-0.2676,-0.1288
831,BTRS,22495646.0,49.99,450000.0,216135.0,-0.0017,-0.108,0.113000005
832,DXL,22427400.0,0.427,52526784.0,665463.0,0.0068,-0.0608,-0.319
833,mQQQ,22109342.0,386.68,57177.0,176901.0,-0.00059999997,-0.0366,-0.0257
834,SUTER,22054580.0,0.005721,3855040000.0,1196606.0,0.0021,-0.199,-0.1512
835,CHI,21986656.0,0.4537,48462896.0,266837.0,-0.0011,-0.248,-0.0863
836,PART,21870904.0,1.86,11738551.0,11870.0,-0.0016,-0.0075,-0.064899996
837,COVAL,21824040.0,0.02182,1000000000.0,63469.0,0.1409,-0.22719999,-0.3125
838,BMON,21761412.0,0.1885,115453950.0,8561555.0,0.0022,-0.1014,-0.45369998
839,NMC,21493506.0,1.46,14736400.0,18454.0,-0.0026,-0.1519,-0.24379998
840,DPS,21448410.0,0.4055,52893496.0,245151.0,0.015800001,-0.0075,-0.1153
841,BZNT,21253736.0,0.0242,878398660.0,9.0,-0.0053,0.9952,4.2265
842,WABI,21122726.0,0.2112,100000000.0,6718029.0,-0.00029999999,-0.20889999,-0.2669
843,SLT,21115852.0,4.14,5100896.0,60315.0,0.0069999998,-0.16430001,-0.21
844,FTN,21014860.0,0.237,88674660.0,,-0.0034999999,-0.17639999,-0.8982
845,HAPI,20963240.0,42.66,491458.0,1279277.0,-0.005,-0.1711,-0.2143
846,LBC,20923508.0,0.04016,521054820.0,256106.0,-0.0182,-0.1499,-0.1354
847,QRL,20856244.0,0.2765,75440690.0,71547.0,0.0717,-0.0637,-0.1712
848,ZIG,20824108.0,0.08662,240418750.0,3051860.0,-0.015700001,-0.22459999,-0.0295
849,TONE,20808940.0,0.03659,568723700.0,218845.0,-0.0066000004,-0.1876,-0.36360002
850,PPC,20609528.0,0.7558,27269130.0,59269.0,0.0067000003,-0.1672,-0.3023
851,AMB,20585582.0,0.03827,537833700.0,3249016.0,-0.038,-0.2401,-0.17459999
852,XEP,20508924.0,0.001156,17745527000.0,86163.0,0.074,-0.035099998,-0.0679
853,ICHI,20474164.0,5.29,3871716.0,521635.0,0.0034,-0.0539,0.0585
854,mAAPL,20439972.0,163.06,125355.0,114616.0,-0.0085,-0.0317,0.0222
855,BAN,20394992.0,0.01559,1308623100.0,231186.0,-0.0007,-0.1004,0.0763
856,FOAM,20319004.0,0.06418,316571940.0,63449.0,-0.0007,-0.092700005,-0.14060001
857,REVO,20299034.0,0.8182,24810136.0,2931265.0,-0.043,-0.2568,-0.3858
858,AOA,20503976.0,0.002056,9975060000.0,912355.0,0.0004,-0.2802,0.098500006
859,SNTVT,20194184.0,0.005635,3583525400.0,168318.0,0.0041,-0.1882,-0.2094
860,GRO,20176574.0,46.52,433686.0,519509.0,0.0135,-0.2486,-0.5138
861,TKING,20158264.0,3.346e-05,602499250000.0,1129089.0,0.010199999,-0.3973,-0.17870001
862,mTSLA,20175192.0,1087.92,18545.0,316136.0,-0.00059999997,-0.071,-0.0629
863,DIGG,20141388.0,40048.54,503.0,323364.0,-0.0044,-0.1341,-0.2782
864,SANTOS,20088118.0,4.41,4550000.0,33503376.0,-0.0343,-0.34939998,-0.8083
865,mMSFT,20067792.0,322.95,62139.0,135830.0,-0.00059999997,-0.039,-0.046
866,XMON,20052040.0,13413.47,1495.0,499636.0,0.012200001,-0.16870001,-0.1595
867,CRTS,19986200.0,0.003241,6166607400.0,8502318.0,-0.0083,0.19639999,0.5791
868,WOOF,19967168.0,0.001115,17903000000.0,1331102.0,-0.0271,-0.35709998,0.1607
869,mIAU,19829088.0,17.64,1123878.0,449620.0,-0.00059999997,0.11229999,-0.0198
870,WELL,19765052.0,0.1442,137080000.0,44220.0,0.1595,0.0094,0.1228
871,ARIA20,19759254.0,0.7646,25844280.0,50377.0,0.0057,-0.028299998,0.2299
872,SAFE,19705798.0,0.7105,27735064.0,3768.0,-0.0043,-0.1866,-0.171
873,MEME,19653508.0,701.91,28000.0,233318.0,0.0011,-0.1666,-0.2691
874,UNCX,19626776.0,717.35,27360.0,3741131.0,-0.026700001,-0.2635,-0.1758
875,$ANRX,19573372.0,0.1774,110338340.0,1489400.0,0.0322,-0.1285,-0.42790002
876,DBC,19555752.0,0.006111,3200000000.0,1717032.0,-0.022,-0.2774,-0.3386
877,ADK,19570360.0,0.7828,25000000.0,231464.0,-0.051799998,-0.1904,-0.2739
878,SENSO,19529932.0,1.6,12241344.0,3304553.0,-0.0164,-0.2767,-0.44099998
879,ORAI,19526376.0,9.55,2044424.0,681428.0,0.0147,-0.17909999,-0.0758
880,CWS,19520264.0,8.75,2231280.0,2185936.0,0.0005,-0.2093,-0.3637
881,mSLV,19516828.0,22.07,884368.0,40269.0,-0.00059999997,-0.014099999,-0.0424
882,NCT,19505540.0,0.01261,1546457100.0,134541.0,0.022,0.041199997,0.2134
883,MFG,19463344.0,0.06274,310216350.0,55780.0,-0.0171,-0.2472,-0.1517
884,PHB,19445026.0,0.5236,37136776.0,3755764.0,0.020299999,-0.1761,-0.2459
885,SLICE,19275040.0,0.9638,20000000.0,238724.0,-0.0025,-0.13859999,-0.074
886,IFC,19246138.0,0.0002124,90595750000.0,3827.0,-0.0034999999,0.5443,0.3266
887,TRUE,19235524.0,0.2417,79575544.0,75328776.0,0.018,-0.06,0.4493
888,GOC,19184860.0,0.07822,245278430.0,204200.0,-0.020499999,-0.0701,0.0594
889,STAK,19149592.0,0.009325,2053571600.0,888601.0,0.0036000002,-0.29659998,-0.2672
890,STAX,19145284.0,1.4,13646645.0,436.0,-0.005,-0.1376,-0.2014
891,CLO,19059832.0,0.007402,2575109600.0,100807.0,-0.0117999995,-0.19409999,-0.191
892,RENA,19022374.0,2.77,6862242.0,5503701.0,0.024,-0.2331,-0.49490002
893,DOGGY,18845792.0,0.004658,4045958700.0,2935362.0,-0.0054,-0.1866,-0.2782
894,TOWER,18758304.0,0.07894,237619980.0,1549624.0,-0.0032,-0.2039,-0.3169
895,CRON,18739040.0,2.29,8199052.0,455776.0,-0.0057,0.04,0.0394
896,MITX,18491964.0,0.04055,456000000.0,561784.0,0.0631,-0.16459998,-0.24149999
897,DHT,18571098.0,0.9157,20281354.0,2297166.0,0.026800001,-0.111899994,-0.025
898,TARA,18441540.0,0.01373,1343021400.0,2255189.0,-0.0061000003,-0.264,-0.2672
899,NVT,18416550.0,0.06649,276983680.0,542920.0,-0.021300001,-0.1416,-0.35
900,INTER,18433292.0,6.14,3000091.0,1022933.0,-0.0064999997,-0.1342,-0.1899
901,SMI,18348224.0,1.835e-05,1000000000000.0,815542.0,-0.0108,-0.21290001,0.047
902,EMRX,18343128.0,0.6779,27058764.0,854075.0,0.0105,-0.1658,-0.1419
903,MTA,18326540.0,1.06,17336544.0,6144000.0,0.0016,-0.18129998,-0.2958
904,BIP,18246388.0,0.003713,4914350600.0,77726.0,-0.0029,-0.0674,-0.031600002
905,FAIR,18210718.0,0.01897,960000000.0,26543924.0,-0.0319,-0.3022,-0.4602
906,EPK,18164912.0,0.411,44196428.0,1886658.0,-0.0081,-0.1972,-0.1549
907,mAMZN,18137946.0,3446.58,5263.0,201948.0,-0.00059999997,-0.0312,-0.0395
908,ONE,18078728.0,0.001913,9449081000.0,,-0.0002,-0.16770001,-0.176
909,CON,17835888.0,0.006156,2897406000.0,1608005.0,0.0182,-0.0505,-0.0069999998
910,TON,17945362.0,6.58,2727340.0,22548340.0,-0.0045,-0.241,-0.239
911,RSTR,17829288.0,0.0004721,37766850000.0,,-0.0034999999,-0.17639999,-0.1451
912,USDX,17827112.0,4.73,3772661.0,264.0,-0.0011,-0.1867,-0.0685
913,MAPS,17758370.0,0.4108,43233176.0,976149.0,-0.0069999998,-0.2548,-0.4253
914,CREAM,17756596.0,28.81,616378.0,9227427.0,-0.0015,-0.173,-0.23979999
915,CTCN,17747068.0,0.4074,43559270.0,196067.0,0.0042,0.0195,-0.1991
916,SNY,17736164.0,3.15,5625000.0,293390.0,-0.01,-0.0531,-0.1527
917,DF,17739952.0,0.1546,114772960.0,9941725.0,-0.0064999997,-0.1992,-0.1282
918,DG,17616336.0,0.2199,80104730.0,67880290.0,0.0007,-0.0175,-0.063
919,NCASH,17605162.0,0.002442,7209318000.0,497764.0,-0.0156,-0.266,-0.1472
920,ETP,17370104.0,0.2188,79386776.0,1214275.0,-0.0405,-0.073,-0.0217
921,SPARTA,17414620.0,0.2033,85674310.0,1380838.0,0.0061000003,-0.19229999,-0.3083
922,IGNIS,17379372.0,0.02283,761143940.0,468650.0,-0.015800001,-0.1102,-0.0765
923,LABS,17351688.0,0.008329,2083379600.0,1499451.0,-0.0136,-0.1169,-0.1664
924,PACOCA,17326726.0,0.2097,82634800.0,1310639.0,-0.0128,-0.1364,-0.2536
925,PETS,17232928.0,3.442e-06,5007120300000.0,891647.0,-0.0104,-0.1258,-0.1832
926,mVIXY,17186608.0,7.8,2204232.0,,-0.00059999997,-0.0022,-0.0017
927,SWTH,17088748.0,0.01033,1654017700.0,193118.0,0.0056,-0.20549999,-0.3081
928,GAL,17076160.0,4.87,3507572.0,2755381.0,0.0046,-0.1577,-0.2321
929,APPC,17069136.0,0.06985,244357800.0,1252475.0,-0.0099,-0.2473,-0.18280001
930,MATTER,17027772.0,0.544,31301448.0,1001303.0,0.0046,-0.1294,-0.1729
931,VIBE,16923816.0,0.06506,260136430.0,478742.0,0.025799999,-0.322,1.1147
932,ABT,16878558.0,0.1713,98554300.0,12177340.0,-0.01,-0.1753,-0.15100001
933,DFYN,16776062.0,0.3833,43772988.0,2509395.0,-0.0021,-0.18290001,-0.23110001
934,ACM,16733851.0,5.33,3141172.0,5939945.0,-0.0025,-0.1766,-0.1844
935,MTH,16823142.0,0.04181,402400000.0,3839946.0,0.0104,0.014400001,0.0309
936,MTRG,16508916.0,7.12,2318338.0,1275354.0,-0.0227,-0.20969999,-0.2951
937,NEST,16505537.0,0.00823,2005474300.0,3956263.0,0.0049,-0.1967,-0.2687
938,OAX,16367393.0,0.2124,77045250.0,1064666.0,-0.0036000002,-0.2387,-0.19479999
939,MOD,16395167.0,1.17,14072741.0,703944.0,-0.0028,-0.1625,-0.17819999
940,EDEN,16407540.0,1.24,13232627.0,15760545.0,0.0146,-0.28,-0.31780002
941,TRIAS,16357082.0,10.22,1600000.0,13785154.0,-0.014400001,-0.2965,-0.29459998
942,OLT,16349104.0,0.03597,454459420.0,499427.0,0.0043,-0.2065,-0.26860002
943,TRV,16292637.0,0.0252,646499900.0,3053199.0,-0.0097,-0.2394,0.0241
944,WIKEN,16288164.0,0.01909,853062000.0,2405734.0,-0.0211,-0.2468,-0.2515
945,SARCO,16236029.0,1.04,15649252.0,153152.0,-0.001,-0.3364,-0.3635
946,LZ,16202318.0,6.52,2483156.0,360337.0,-0.0019,-0.0728,-0.065799996
947,SWASH,16153394.0,0.2019,79997940.0,2878815.0,-0.0163,-0.2698,-0.45360002
948,FREE,16132368.0,1.623e-06,9938990000000.0,187445.0,-0.0125,-0.175,-0.1729
949,MYST,16084419.0,0.8029,20033628.0,263128.0,0.0081,-0.137,-0.1528
950,GOM2,16083955.0,0.01664,966864400.0,1846371.0,0.0069999998,-0.18540001,0.023
951,IQN,16081961.0,2.93,5491860.0,1113750.0,-0.0054,-0.113199994,-0.1142
952,SWINGBY,16049870.0,0.05664,283373800.0,621516.0,0.0152,-0.1285,-0.1088
953,mNFLX,16068683.0,612.49,26235.0,129230.0,-0.00059999997,-0.0429,-0.0942
954,XPX,16006049.0,0.002625,6097456600.0,228221.0,0.0297,-0.1904,0.8839
955,FST,16014528.0,0.4061,39433250.0,27453.0,-0.0015,-0.1351,-0.4266
956,VRT,15911134.0,0.0007232,21999980000.0,717185.0,-0.0126,-0.1475,-0.2318
957,KLO,15897145.0,0.6857,23184480.0,2034490.0,0.0045,-0.2926,-0.3793
958,EXNT,15889558.0,0.252,63050104.0,72639.0,-0.001,-0.1713,0.18620001
959,ATM,15780485.0,7.56,2086980.0,5417377.0,-0.0022,-0.13159999,-0.1745
960,PROB,15761289.0,0.3753,42000000.0,66831.0,-0.0361,-0.089700006,-0.19299999
961,TULIP,15752839.0,19.32,815206.0,3754601.0,-1e-04,-0.2313,-0.261
962,TRIX,15728943.0,0.005834,2695988000.0,1156673.0,-0.014199999,-0.1723,-0.1166
963,AVT,15521535.0,2.59,6000000.0,186329.0,0.105500005,-0.1304,-0.1338
964,FXF,15485623.0,0.1959,79058060.0,193901.0,0.0057,-0.1393,-0.315
965,SIGNA,15455609.0,0.007253,2130801400.0,15354.0,-0.044299997,-0.1744,-0.1279
966,GTH,15397620.0,0.1529,100724610.0,2056189.0,0.0101,-0.142,-0.2744
967,PICKLE,15362401.0,8.33,1843793.0,2515793.0,-0.0057,-0.1588,-0.0353
968,FUSE,15280202.0,0.2776,55045524.0,2699719.0,0.0211,-0.2768,-0.1243
969,ODDZ,15184607.0,0.4179,36334284.0,1332552.0,-0.055,-0.2724,-0.056500003
970,BIDR,15141291.0,6.708e-05,225715440000.0,86614660.0,-0.0008,-0.0326,-0.027999999
971,BONDLY,15121512.0,0.1454,103978856.0,2080113.0,-0.0019,-0.1409,-0.2091
972,RINGX,15081974.0,0.04854,310742800.0,1743481.0,0.0037,-0.19510001,-0.299
973,UPUNK,15029675.0,0.06012,250000000.0,130456.0,-0.0032,-0.1037,-0.0726
974,mUSO,15026123.0,50.64,296699.0,126357.0,-0.00059999997,-0.019299999,-0.04
975,BSCS,14991462.0,0.4062,36903908.0,5325920.0,-0.0064,-0.1674,-0.12189999
976,USDJ,14834313.0,0.999,14848772.0,5579176.0,-0.0037,0.0004,-0.0011
977,CAS,14789714.0,0.01805,819528000.0,427900.0,0.0039,-0.1283,-0.1538
978,GATE,14747120.0,0.02747,536750430.0,14965.0,-0.0015,-0.2579,-0.2356
979,EBEN,14696775.0,1.04,14107041.0,44.0,-0.0017,-0.0039,-0.0068
980,ES,14565524.0,0.01461,997282750.0,504671.0,-0.0025,-0.1008,0.22790001
981,mTWTR,14580175.0,45.02,323826.0,76819.0,-0.00059999997,-0.028199999,-0.097600006
982,NAFT,14557256.0,0.02911,500000000.0,1304001.0,-0.0045,-0.0928,0.0195
983,CFi,14556545.0,7.58,1920000.0,273681.0,-0.0049,-0.1537,-0.22719999
984,TOP,14437596.0,0.002619,5512414700.0,19056532.0,-0.0062,0.857,0.5736
985,NGM,14522716.0,0.7349,19760286.0,492868.0,0.0037,-0.1106,-0.0544
986,RFUEL,14518910.0,0.04952,293200830.0,20642640.0,-0.0047,-0.1303,-0.0753
987,QLC,14462284.0,0.06026,240000000.0,29522640.0,0.0366,0.2228,0.629
988,FCT,14431487.0,1.42,10140733.0,7314.0,-0.0121,-0.17629999,-0.1693
989,FIS,14408154.0,1.28,11217512.0,17743708.0,-0.0099,-0.24299999,-0.2587
990,XRT,14365784.0,13.63,1054016.0,1295771.0,0.0076,-0.1967,-0.2352
991,1ART,14330747.0,0.1736,82541220.0,2458038.0,-0.0068,-0.2292,-0.36330003
992,DOE,14241846.0,0.07413,192111680.0,1367771.0,-0.0208,-0.027999999,-0.4407
993,NXT,14164207.0,0.01418,998999940.0,592687.0,0.0113,-0.1122,-0.0661
994,PCL,14118236.0,0.006623,2131679900.0,2532253.0,0.098900005,0.1599,0.135
995,PING,14072176.0,0.005205,2703465000.0,551574.0,-0.0063,-0.16299999,-0.25100002
996,BIN,14044630.0,0.01756,800000000.0,1962260.0,0.013200001,-0.2527,-0.2191
997,FEAR,13990611.0,2.14,6532157.0,13433159.0,-0.0054,-0.22219999,0.0025
998,AGRS,13984296.0,0.7769,18000000.0,5813.0,0.037100002,-0.083000004,0.062
999,BETU,13925667.0,0.1294,107608040.0,887245.0,0.0034,-0.1026,-0.3158
